TimeKey,Open,Close,High,Low,Volume,Fluctuation,Growth
2017-01-03,47.28,46.3,47.34,46.14,6737800,0.21999999999999886,0.0
2017-01-04,46.63,46.7,47.44,46.35,5859600,1.019999999999996,0.4000000000000057
2017-01-05,46.52,45.89,46.93,45.61,6825300,0.6899999999999977,-0.8100000000000023
2017-01-06,45.85,46.21,46.72,45.47,7260200,0.8900000000000006,0.3200000000000003
2017-01-09,46.01,47.08,47.34,45.78,4739100,0.490000000000002,0.8699999999999974
2017-01-10,47.0,48.48,48.51,46.97,7483800,0.060000000000002274,1.3999999999999986
2017-01-11,49.29,48.64,49.9,48.1,6925800,1.1499999999999986,0.1600000000000037
2017-01-12,48.67,48.1,49.0,46.84,5447300,1.5899999999999963,-0.5399999999999991
2017-01-13,48.16,47.65,48.43,47.54,3541700,0.38000000000000256,-0.45000000000000284
2017-01-17,47.56,46.75,47.75,46.67,5350800,0.269999999999996,-0.8999999999999986
2017-01-18,47.4,47.64,47.8,46.65,5176500,0.9099999999999966,0.8900000000000006
2017-01-19,47.64,47.26,48.09,46.88,3729300,0.8299999999999983,-0.38000000000000256
2017-01-20,47.54,48.0,48.16,47.24,5611800,0.45999999999999375,0.740000000000002
2017-01-23,47.9,46.94,48.09,46.75,4284200,0.38000000000000256,-1.0600000000000023
2017-01-24,47.05,47.54,47.8,46.8,4926700,0.509999999999998,0.6000000000000014
2017-01-25,47.9,47.91,48.21,47.61,5075800,0.5900000000000034,0.36999999999999744
2017-01-26,48.43,49.59,49.71,48.33,10332800,0.21999999999999886,1.6800000000000068
2017-01-27,50.0,46.95,50.0,46.72,19411100,0.23000000000000398,-2.6400000000000006
2017-01-30,45.62,44.9,45.92,43.86,16786100,1.3400000000000034,-2.0500000000000043
2017-01-31,44.79,44.25,44.84,43.74,11719800,0.5600000000000023,-0.6499999999999986
2017-02-01,44.75,44.05,45.0,43.91,7955500,0.39000000000000057,-0.20000000000000284
2017-02-02,43.61,44.01,44.52,43.57,7607700,0.5500000000000043,-0.03999999999999915
2017-02-03,44.31,44.2,44.55,43.76,6357900,0.6799999999999997,0.19000000000000483
2017-02-06,44.8,45.3,45.6,44.74,6496100,0.35999999999999943,1.0999999999999943
2017-02-07,45.75,45.17,46.13,45.01,6120000,0.5400000000000063,-0.12999999999999545
2017-02-08,45.26,45.06,45.26,44.51,4329900,0.5500000000000043,-0.10999999999999943
2017-02-09,45.07,46.3,46.6,44.94,7089900,0.4300000000000068,1.2399999999999949
2017-02-10,46.62,46.45,46.7,46.17,4040600,0.36000000000000654,0.15000000000000568
2017-02-13,46.56,47.41,47.78,46.5,6158600,0.4300000000000068,0.9599999999999937
2017-02-14,47.26,46.57,47.28,46.45,6271700,0.14000000000000057,-0.8399999999999963
2017-02-15,47.59,47.54,48.05,46.93,8394800,1.0699999999999932,0.9699999999999989
2017-02-16,47.5,46.97,47.65,46.66,5681800,0.46000000000000085,-0.5700000000000003
2017-02-17,46.83,46.91,47.1,46.43,4581600,0.5900000000000034,-0.060000000000002274
2017-02-21,47.01,46.81,47.27,46.58,4672000,0.4900000000000091,-0.09999999999999432
2017-02-22,46.5,46.32,46.7,45.87,5799600,0.6500000000000057,-0.490000000000002
2017-02-23,46.42,46.1,47.32,45.89,5247000,1.1099999999999994,-0.21999999999999886
2017-02-24,46.0,46.28,46.3,45.58,4489600,0.4399999999999977,0.17999999999999972
2017-02-27,46.18,46.32,46.36,45.68,4130500,0.5399999999999991,0.03999999999999915
2017-02-28,46.32,46.36,46.72,46.03,4935600,0.6499999999999986,0.03999999999999915
2017-03-01,46.79,47.09,48.14,46.7,8278900,1.1399999999999935,0.730000000000004
2017-03-02,46.67,45.72,46.74,45.64,7590700,0.14999999999999858,-1.3700000000000045
2017-03-03,45.85,46.82,47.26,45.77,7256900,0.519999999999996,1.1000000000000014
2017-03-06,46.41,45.31,46.68,44.38,11336600,1.2000000000000028,-1.509999999999998
2017-03-07,45.02,44.84,45.23,44.56,4565300,0.4899999999999949,-0.46999999999999886
2017-03-08,44.79,44.89,45.3,44.6,5520400,0.5999999999999943,0.04999999999999716
2017-03-09,44.5,43.33,44.93,43.25,9330100,0.509999999999998,-1.5600000000000023
2017-03-10,43.46,43.9,43.95,42.97,6842300,0.5400000000000063,0.5700000000000003
2017-03-13,43.73,42.37,44.12,42.26,8882300,0.5,-1.5300000000000011
2017-03-14,42.06,41.21,42.1,40.84,10208500,0.4099999999999966,-1.1599999999999966
2017-03-15,40.5,42.09,42.19,40.21,13986200,0.38999999999999346,0.8800000000000026
2017-03-16,42.18,42.13,42.35,41.45,7058300,0.8500000000000014,0.03999999999999915
2017-03-17,42.0,41.72,42.21,41.6,10185800,0.3299999999999983,-0.4100000000000037
2017-03-20,42.18,41.7,42.42,41.45,6229800,0.490000000000002,-0.01999999999999602
2017-03-21,41.88,40.42,41.98,40.34,7938700,0.1799999999999926,-1.2800000000000011
2017-03-22,39.78,40.35,40.55,39.21,9943000,0.769999999999996,-0.07000000000000028
2017-03-23,40.7,41.41,41.86,40.48,9516600,0.6700000000000088,1.0599999999999952
2017-03-24,41.69,41.73,42.07,41.42,6596600,0.6099999999999994,0.3200000000000003
2017-03-27,41.07,41.74,41.89,40.56,6050500,0.6599999999999966,0.010000000000005116
2017-03-28,41.83,42.6,42.93,41.55,6185800,0.6099999999999994,0.8599999999999994
2017-03-29,42.69,41.96,42.76,41.87,5331400,0.1600000000000037,-0.6400000000000006
2017-03-30,41.85,42.54,42.64,41.79,3681400,0.1600000000000037,0.5799999999999983
2017-03-31,42.37,42.3,42.94,42.27,5427700,0.5999999999999943,-0.240000000000002
2017-04-03,42.33,42.45,42.57,41.63,5764700,0.8199999999999932,0.15000000000000568
2017-04-04,42.09,40.9,42.23,40.82,7254700,0.21999999999999176,-1.5500000000000043
2017-04-05,41.15,41.31,42.13,41.06,7012700,0.9099999999999966,0.4100000000000037
2017-04-06,41.4,41.72,41.96,41.16,3627600,0.480000000000004,0.4099999999999966
2017-04-07,41.53,41.81,42.1,41.28,4137000,0.5399999999999991,0.09000000000000341
2017-04-10,41.81,42.32,42.67,41.62,4650500,0.5400000000000063,0.509999999999998
2017-04-11,42.78,43.93,43.95,42.41,10269600,0.3900000000000077,1.6099999999999994
2017-04-12,44.79,43.96,45.35,43.83,9991100,0.6900000000000048,0.030000000000001137
2017-04-13,43.95,43.35,44.02,43.34,5504900,0.0799999999999983,-0.6099999999999994
2017-04-17,43.47,44.23,44.25,43.36,4563200,0.13000000000000256,0.8799999999999955
2017-04-18,44.03,43.81,44.53,43.4,5808900,0.9100000000000037,-0.4199999999999946
2017-04-19,44.07,44.4,44.78,43.9,6573400,0.5500000000000043,0.5899999999999963
2017-04-20,44.71,45.22,45.38,44.56,4956500,0.3100000000000023,0.8200000000000003
2017-04-21,45.5,45.15,45.5,44.99,5536000,0.1599999999999966,-0.07000000000000028
2017-04-24,45.5,46.44,46.44,45.47,6335300,0.030000000000001137,1.2899999999999991
2017-04-25,46.8,46.61,47.39,46.38,5960600,0.8200000000000003,0.1700000000000017
2017-04-26,46.51,46.4,46.9,46.24,6027600,0.5499999999999972,-0.21000000000000085
2017-04-27,43.91,43.98,44.21,42.41,18988600,1.730000000000004,-2.4200000000000017
2017-04-28,44.02,42.62,44.06,42.56,13358000,0.09999999999999432,-1.3599999999999994
2017-05-01,42.76,42.08,42.96,42.01,8591400,0.2700000000000031,-0.5399999999999991
2017-05-02,42.06,43.87,43.91,42.05,9402500,0.05000000000000426,1.7899999999999991
2017-05-03,43.67,43.92,44.17,43.42,5144300,0.5,0.05000000000000426
2017-05-04,44.18,43.91,44.39,43.2,4476100,0.9199999999999946,-0.010000000000005116
2017-05-05,44.0,44.51,44.52,43.77,5462800,0.240000000000002,0.6000000000000014
2017-05-08,44.6,44.94,45.05,44.52,6190700,0.18999999999999773,0.4299999999999997
2017-05-09,45.4,47.08,47.3,45.25,11116800,0.36999999999999744,2.1400000000000006
2017-05-10,47.03,47.3,47.78,46.67,7379800,0.8400000000000034,0.21999999999999886
2017-05-11,47.21,46.54,47.24,45.65,6086300,0.9200000000000017,-0.759999999999998
2017-05-12,46.26,45.83,46.44,45.73,3888700,0.28000000000000114,-0.7100000000000009
2017-05-15,45.7,46.68,46.99,45.69,5534500,0.3200000000000074,0.8500000000000014
2017-05-16,46.79,46.94,47.13,44.74,4627800,2.240000000000002,0.259999999999998
2017-05-17,46.25,44.92,46.56,44.88,6906700,0.3500000000000014,-2.019999999999996
2017-05-18,44.4,44.65,45.4,44.38,6626700,0.769999999999996,-0.2700000000000031
2017-05-19,44.8,45.22,45.38,44.74,6736700,0.21999999999999886,0.5700000000000003
2017-05-22,45.33,46.21,46.25,45.33,4428600,0.03999999999999915,0.990000000000002
2017-05-23,46.27,46.66,46.69,45.94,3008500,0.36000000000000654,0.44999999999999574
2017-05-24,46.74,46.77,47.43,46.65,3885100,0.75,0.11000000000000654
2017-05-25,46.99,48.02,48.12,46.82,5441800,0.269999999999996,1.25
2017-05-26,47.79,48.74,48.82,47.73,5979300,0.14000000000000057,0.7199999999999989
2017-05-30,48.32,47.96,48.58,47.79,5512900,0.4299999999999997,-0.7800000000000011
2017-05-31,48.2,48.41,48.48,47.53,4486100,0.740000000000002,0.44999999999999574
2017-06-01,48.5,49.05,49.36,48.3,4421400,0.5100000000000051,0.6400000000000006
2017-06-02,49.56,49.52,50.47,49.37,7708600,1.0600000000000023,0.47000000000000597
2017-06-05,49.53,49.74,49.95,49.4,5466700,0.3400000000000034,0.21999999999999886
2017-06-06,49.47,49.74,50.1,49.32,4473500,0.509999999999998,0.0
2017-06-07,49.44,50.86,50.91,48.8,7078400,0.6899999999999977,1.1199999999999974
2017-06-08,50.86,51.43,51.87,50.41,6544300,0.8900000000000006,0.5700000000000003
2017-06-09,51.61,50.27,51.95,50.25,7204300,0.36000000000000654,-1.1599999999999966
2017-06-12,50.1,49.48,50.22,48.1,8597900,1.499999999999993,-0.7900000000000063
2017-06-13,49.56,49.45,49.91,48.84,5153300,0.9599999999999937,-0.02999999999999403
2017-06-14,49.64,49.39,49.78,48.89,4027800,0.6400000000000006,-0.060000000000002274
2017-06-15,49.14,49.11,49.32,48.37,4579600,0.9200000000000017,-0.28000000000000114
2017-06-16,48.9,48.79,49.45,48.62,6622100,0.720000000000006,-0.3200000000000003
2017-06-19,49.13,49.66,49.72,48.82,4104300,0.37000000000000455,0.8699999999999974
2017-06-20,49.22,48.03,49.36,48.01,6035100,0.1600000000000037,-1.6299999999999955
2017-06-21,48.33,48.43,48.64,48.13,3469500,0.4099999999999966,0.3999999999999986
2017-06-22,50.5,48.97,50.56,48.79,9792100,0.240000000000002,0.5399999999999991
2017-06-23,49.0,48.63,49.1,48.47,12682000,0.2600000000000051,-0.3399999999999963
2017-06-26,48.81,48.78,49.78,48.54,3992900,1.2100000000000009,0.14999999999999858
2017-06-27,48.6,48.5,49.56,48.5,4264400,0.9600000000000009,-0.28000000000000114
2017-06-28,48.82,49.25,49.8,48.81,4259700,0.5599999999999952,0.75
2017-06-29,49.28,49.62,49.69,48.82,6170100,0.5300000000000011,0.36999999999999744
2017-06-30,49.92,50.32,50.51,49.6,6618700,0.509999999999998,0.7000000000000028
2017-07-03,50.78,50.39,51.28,50.37,2906500,0.5200000000000031,0.07000000000000028
2017-07-05,50.44,51.26,51.55,50.18,5157500,0.5499999999999972,0.8699999999999974
2017-07-06,50.97,52.05,52.58,50.86,7021400,0.6400000000000006,0.7899999999999991
2017-07-07,52.3,53.03,53.38,52.18,6597000,0.46999999999999886,0.980000000000004
2017-07-10,52.98,52.66,53.16,52.23,4600000,0.6099999999999994,-0.37000000000000455
2017-07-11,52.58,51.61,52.66,51.47,4545700,0.21999999999999886,-1.0499999999999972
2017-07-12,53.12,53.8,53.83,52.45,8348400,0.6999999999999957,2.1899999999999977
2017-07-13,53.4,53.81,54.48,53.15,5346700,0.9199999999999946,0.010000000000005116
2017-07-14,53.8,54.22,54.28,53.34,4537900,0.519999999999996,0.4099999999999966
2017-07-17,54.21,53.87,54.28,53.85,3727400,0.0899999999999963,-0.3500000000000014
2017-07-18,53.83,53.15,53.84,53.02,4101400,0.14000000000000057,-0.7199999999999989
2017-07-19,52.26,52.61,53.19,51.78,5774700,1.0599999999999952,-0.5399999999999991
2017-07-20,52.72,52.34,52.78,52.1,4836200,0.30000000000000426,-0.269999999999996
2017-07-21,52.13,51.91,52.55,51.45,4544400,0.8799999999999883,-0.4300000000000068
2017-07-24,51.79,51.28,52.03,51.24,4876400,0.28000000000000114,-0.6299999999999955
2017-07-25,51.5,50.61,51.9,50.55,4484900,0.46000000000000085,-0.6700000000000017
2017-07-26,50.63,51.01,51.17,50.01,4776100,0.7800000000000082,0.3999999999999986
2017-07-27,50.34,50.0,50.34,48.75,10260300,1.25,-1.009999999999998
2017-07-28,49.02,50.49,50.67,48.73,9153400,0.47000000000000597,0.490000000000002
2017-07-31,50.85,50.44,51.23,50.04,6062900,0.779999999999994,-0.05000000000000426
2017-08-01,51.13,51.06,52.0,50.32,5045300,1.6099999999999994,0.6200000000000045
2017-08-02,50.89,50.45,51.18,49.9,4679700,0.8400000000000034,-0.6099999999999994
2017-08-03,50.56,50.55,51.2,50.36,3231400,0.8299999999999983,0.09999999999999432
2017-08-04,50.67,50.8,50.92,50.39,2993500,0.4000000000000057,0.25
2017-08-07,50.82,50.58,51.13,50.46,3016700,0.4299999999999997,-0.21999999999999886
2017-08-08,50.68,50.0,50.78,49.89,4274400,0.21000000000000085,-0.5799999999999983
2017-08-09,49.74,49.4,49.92,49.23,5020800,0.3500000000000014,-0.6000000000000014
2017-08-10,49.03,48.55,49.34,48.19,5441400,0.6700000000000017,-0.8500000000000014
2017-08-11,48.5,48.35,48.79,47.44,5610700,1.2000000000000028,-0.19999999999999574
2017-08-14,48.86,48.81,49.17,48.5,2996500,0.6200000000000045,0.46000000000000085
2017-08-15,48.76,48.52,49.0,48.35,3149600,0.4100000000000037,-0.28999999999999915
2017-08-16,48.64,48.41,48.73,48.27,4187300,0.22999999999998977,-0.11000000000000654
2017-08-17,48.25,46.03,48.34,45.8,10304200,0.3200000000000074,-2.3799999999999955
2017-08-18,46.3,45.55,46.3,45.44,6242800,0.10999999999999943,-0.480000000000004
2017-08-21,45.73,45.71,46.09,45.41,4353900,0.6600000000000108,0.1600000000000037
2017-08-22,45.85,45.41,45.93,45.33,4019700,0.1599999999999966,-0.30000000000000426
2017-08-23,45.17,43.97,45.24,43.52,8159200,0.519999999999996,-1.4399999999999977
2017-08-24,44.13,42.92,44.15,42.67,7057500,0.269999999999996,-1.0499999999999972
2017-08-25,43.09,45.25,45.43,43.01,11738400,0.2600000000000051,2.3299999999999983
2017-08-28,45.23,44.95,45.37,44.78,6969300,0.3100000000000023,-0.29999999999999716
2017-08-29,44.53,44.56,44.85,44.38,5195100,0.4399999999999977,-0.39000000000000057
2017-08-30,44.54,44.32,44.77,43.89,5472600,0.6600000000000037,-0.240000000000002
2017-08-31,44.54,44.74,44.94,44.43,3799600,0.30999999999999517,0.4200000000000017
2017-09-01,44.85,45.31,45.47,44.65,4569400,0.35999999999999943,0.5700000000000003
2017-09-05,44.79,43.92,45.28,43.84,8501600,0.5700000000000003,-1.3900000000000006
2017-09-06,43.09,44.31,44.68,42.61,8796700,0.8500000000000014,0.39000000000000057
2017-09-07,44.19,43.84,44.63,43.53,5095000,0.7500000000000071,-0.46999999999999886
2017-09-08,43.81,43.6,44.11,43.49,4684600,0.4099999999999966,-0.240000000000002
2017-09-11,44.01,45.86,46.09,44.0,7921600,0.240000000000002,2.259999999999998
2017-09-12,45.9,46.29,46.48,45.63,6325100,0.45999999999999375,0.4299999999999997
2017-09-13,46.35,47.0,47.58,46.1,7288200,0.8299999999999983,0.7100000000000009
2017-09-14,46.79,46.19,46.94,46.12,5360500,0.21999999999999886,-0.8100000000000023
2017-09-15,45.3,46.0,46.04,45.19,14846200,0.14999999999999858,-0.18999999999999773
2017-09-18,46.02,45.31,46.3,45.27,4601200,0.3199999999999932,-0.6899999999999977
2017-09-19,45.28,44.38,45.66,44.03,6884600,0.7299999999999969,-0.9299999999999997
2017-09-20,44.92,45.42,45.56,44.46,4708100,0.6000000000000014,1.0399999999999991
2017-09-21,45.47,46.29,46.57,44.99,5864400,0.759999999999998,0.8699999999999974
2017-09-22,46.57,47.06,47.46,46.35,5342000,0.6199999999999974,0.7700000000000031
2017-09-25,46.98,47.7,47.96,46.89,6363200,0.3499999999999943,0.6400000000000006
2017-09-26,47.84,47.58,48.26,47.23,4706000,0.769999999999996,-0.12000000000000455
2017-09-27,47.1,46.85,48.1,46.63,6183200,1.2199999999999989,-0.7299999999999969
2017-09-28,46.78,47.49,48.6,46.78,8367800,1.1099999999999994,0.6400000000000006
2017-09-29,47.49,47.49,47.85,47.23,4904300,0.6200000000000045,0.0
2017-10-02,47.52,47.73,47.93,47.22,4911700,0.5000000000000071,0.23999999999999488
2017-10-03,47.66,50.51,50.59,47.63,10261800,0.10999999999999943,2.780000000000001
2017-10-04,50.5,50.73,51.67,50.49,7454500,0.9500000000000028,0.21999999999999886
2017-10-05,50.85,50.56,50.99,50.26,4212300,0.44000000000000483,-0.1699999999999946
2017-10-06,50.7,51.3,51.59,50.65,4240500,0.3400000000000105,0.7399999999999949
2017-10-09,51.23,50.6,51.48,50.4,3691500,0.45000000000000284,-0.6999999999999957
2017-10-10,52.0,53.03,53.25,51.98,9387100,0.240000000000002,2.4299999999999997
2017-10-11,53.1,52.83,53.74,52.33,5396800,1.1400000000000006,-0.20000000000000284
2017-10-12,52.72,52.65,52.83,52.34,2942800,0.4199999999999946,-0.17999999999999972
2017-10-13,52.67,52.7,52.86,52.26,2960300,0.5700000000000003,0.05000000000000426
2017-10-16,52.52,52.27,52.68,51.93,3262300,0.5,-0.4299999999999997
2017-10-17,52.72,52.07,52.82,51.87,3651200,0.30000000000000426,-0.20000000000000284
2017-10-18,52.11,52.03,52.44,51.86,2542400,0.5,-0.03999999999999915
2017-10-19,51.57,51.51,51.83,49.63,7568200,2.1399999999999935,-0.5200000000000031
2017-10-20,51.56,51.93,52.24,51.53,3643400,0.3400000000000034,0.4200000000000017
2017-10-23,51.92,50.98,51.95,50.87,3456500,0.14000000000000057,-0.9500000000000028
2017-10-24,51.02,51.95,52.1,50.55,3654900,0.6200000000000045,0.970000000000006
2017-10-25,51.78,51.02,51.78,50.61,4658300,0.4100000000000037,-0.9299999999999997
2017-10-26,52.0,48.61,53.19,48.32,12079000,1.4799999999999969,-2.4100000000000037
2017-10-27,48.41,47.56,48.89,47.33,8591500,0.710000000000008,-1.0499999999999972
2017-10-30,47.65,47.25,47.67,46.83,5402500,0.44000000000000483,-0.3100000000000023
2017-10-31,47.22,46.82,47.6,46.79,4596600,0.4100000000000037,-0.4299999999999997
2017-11-01,48.0,47.84,48.2,47.37,4354500,0.6700000000000088,1.0200000000000031
2017-11-02,47.79,47.36,47.93,47.09,2410700,0.4099999999999966,-0.480000000000004
2017-11-03,47.36,47.45,47.61,46.8,4037100,0.7199999999999989,0.09000000000000341
2017-11-06,47.46,47.51,48.1,47.28,4249500,0.7700000000000031,0.05999999999999517
2017-11-07,47.51,46.46,47.54,46.4,3756400,0.09000000000000341,-1.0499999999999972
2017-11-08,46.42,46.37,46.98,45.84,3198800,1.0899999999999892,-0.09000000000000341
2017-11-09,45.85,45.77,46.35,45.36,3561500,0.9100000000000037,-0.5999999999999943
2017-11-10,45.64,45.82,46.12,45.56,2433000,0.37999999999999545,0.04999999999999716
2017-11-13,45.63,45.74,45.86,45.33,1772400,0.4200000000000017,-0.0799999999999983
2017-11-14,45.3,45.81,45.97,45.27,1827100,0.18999999999999062,0.07000000000000028
2017-11-15,45.71,47.19,47.31,45.45,5223100,0.38000000000000256,1.3799999999999955
2017-11-16,47.26,47.68,48.06,47.24,4461400,0.3999999999999986,0.490000000000002
2017-11-17,47.6,47.39,47.75,47.19,2324800,0.3500000000000014,-0.28999999999999915
2017-11-20,47.33,47.69,47.88,47.12,2436000,0.4000000000000057,0.29999999999999716
2017-11-21,47.89,48.65,48.92,47.54,2796200,0.6200000000000045,0.9600000000000009
2017-11-22,48.58,48.66,48.97,48.27,2326900,0.6199999999999974,0.00999999999999801
2017-11-24,48.66,48.56,48.76,48.35,1352400,0.3100000000000023,-0.09999999999999432
2017-11-27,48.61,48.42,48.83,48.3,2630800,0.3400000000000034,-0.14000000000000057
2017-11-28,48.44,49.22,49.42,48.2,3864100,0.4399999999999977,0.7999999999999972
2017-11-29,49.38,49.25,51.16,48.66,8154200,2.3699999999999974,0.030000000000001137
2017-11-30,49.76,50.49,51.11,49.3,6016200,1.0799999999999983,1.240000000000002
2017-12-01,49.67,49.0,50.38,48.69,6229600,1.0200000000000031,-1.490000000000002
2017-12-04,50.1,49.93,51.47,49.65,7113800,1.6499999999999986,0.9299999999999997
2017-12-05,49.85,49.47,50.0,49.21,3594000,0.4099999999999966,-0.46000000000000085
2017-12-06,49.39,49.61,49.81,49.19,2835500,0.4000000000000057,0.14000000000000057
2017-12-07,49.53,50.88,50.92,49.3,3047000,0.2700000000000031,1.2700000000000031
2017-12-08,51.23,51.02,51.79,50.93,3817900,0.6500000000000057,0.14000000000000057
2017-12-11,50.78,51.3,51.59,50.76,2835600,0.3100000000000094,0.27999999999999403
2017-12-12,51.27,50.47,51.53,50.38,2798200,0.3499999999999943,-0.8299999999999983
2017-12-13,50.58,50.09,50.75,49.85,3035200,0.4100000000000037,-0.37999999999999545
2017-12-14,50.59,50.21,51.36,50.08,4503100,0.8999999999999986,0.11999999999999744
2017-12-15,50.67,51.06,51.5,50.4,9074200,0.7100000000000009,0.8500000000000014
2017-12-18,51.25,51.49,51.66,51.25,3235900,0.1699999999999946,0.4299999999999997
2017-12-19,51.6,51.44,51.81,51.28,3019800,0.36999999999999744,-0.05000000000000426
2017-12-20,51.57,51.92,52.1,51.17,5172800,0.5799999999999983,0.480000000000004
2017-12-21,52.16,52.79,53.47,52.07,7125900,0.769999999999996,0.8699999999999974
2017-12-22,52.72,52.59,52.88,52.42,2425100,0.3300000000000054,-0.19999999999999574
2017-12-26,52.35,52.85,53.22,52.33,2774000,0.39000000000000057,0.259999999999998
2017-12-27,52.8,52.4,52.88,52.06,2831400,0.4200000000000017,-0.45000000000000284
2017-12-28,52.45,52.46,52.63,52.22,1845300,0.4000000000000057,0.060000000000002274
2017-12-29,52.42,52.03,52.82,52.01,2696300,0.4200000000000017,-0.4299999999999997
2018-01-02,52.33,52.99,53.1,51.9,4084700,0.5399999999999991,0.9600000000000009
2018-01-03,52.86,52.34,52.86,52.06,5074900,0.28000000000000114,-0.6499999999999986
2018-01-04,52.48,52.67,54.4,52.27,3557100,1.9399999999999906,0.3299999999999983
2018-01-05,52.78,52.65,52.84,52.43,2967800,0.28000000000000114,-0.020000000000003126
2018-01-08,52.6,52.13,52.64,51.93,3515800,0.240000000000002,-0.519999999999996
2018-01-09,52.97,52.08,53.37,52.01,3426000,0.46999999999999886,-0.05000000000000426
2018-01-10,53.23,53.78,54.02,52.88,7655800,0.5899999999999963,1.7000000000000028
2018-01-11,54.49,56.42,57.0,54.18,11339900,0.8900000000000006,2.6400000000000006
2018-01-12,56.56,58.47,58.73,56.56,7505800,0.259999999999998,2.049999999999997
2018-01-16,58.79,57.98,59.08,57.53,5283900,0.7399999999999949,-0.490000000000002
2018-01-17,58.31,58.16,58.58,57.8,3148900,0.6299999999999955,0.17999999999999972
2018-01-18,58.0,58.34,58.71,57.56,3969100,0.8099999999999952,0.18000000000000682
2018-01-19,58.59,58.06,58.59,57.76,3151200,0.30000000000000426,-0.28000000000000114
2018-01-22,57.99,58.1,58.34,57.53,3553900,0.7000000000000028,0.03999999999999915
2018-01-23,57.74,58.29,58.46,57.4,3337000,0.5100000000000051,0.18999999999999773
2018-01-24,54.35,54.79,55.46,53.45,16348500,1.5700000000000003,-3.5
2018-01-25,54.0,53.05,54.55,52.21,10223100,1.3899999999999935,-1.740000000000002
2018-01-26,53.65,53.07,53.9,52.34,7066100,0.9799999999999969,0.020000000000003126
2018-01-29,52.79,52.68,53.16,52.59,5953700,0.45999999999999375,-0.39000000000000057
2018-01-30,52.45,52.59,53.05,52.36,4741800,0.5499999999999972,-0.0899999999999963
2018-01-31,53.08,54.32,54.71,53.0,5962900,0.46999999999999886,1.7299999999999969
2018-02-01,54.0,53.88,54.64,53.59,3623100,0.9299999999999997,-0.4399999999999977
2018-02-02,53.49,52.1,53.99,52.03,5109400,0.5700000000000003,-1.7800000000000011
2018-02-05,51.23,49.76,52.39,49.75,6878300,1.1700000000000017,-2.3400000000000034
2018-02-06,49.32,51.18,51.5,48.79,6782500,0.8500000000000014,1.4200000000000017
2018-02-07,50.91,51.4,51.98,50.89,4845800,0.5999999999999943,0.21999999999999886
2018-02-08,51.44,48.6,51.46,48.51,5995100,0.11000000000000654,-2.799999999999997
2018-02-09,49.7,48.36,49.73,46.33,6837800,2.059999999999995,-0.240000000000002
2018-02-12,48.79,50.09,50.51,48.65,5437800,0.5599999999999952,1.730000000000004
2018-02-13,49.7,50.87,50.92,49.64,3758000,0.11000000000000654,0.779999999999994
2018-02-14,50.24,51.07,51.56,50.11,4983200,0.6200000000000045,0.20000000000000284
2018-02-15,51.45,51.67,51.88,50.94,3140800,0.720000000000006,0.6000000000000014
2018-02-16,51.8,51.58,52.21,51.53,3891300,0.46000000000000085,-0.09000000000000341
2018-02-20,51.23,51.72,52.23,51.1,3379700,0.6399999999999935,0.14000000000000057
2018-02-21,51.96,52.78,53.86,51.83,5396700,1.2100000000000009,1.0600000000000023
2018-02-22,53.24,52.98,53.41,52.7,4356700,0.44999999999998863,0.19999999999999574
2018-02-23,53.3,53.39,53.48,52.72,3394700,0.6699999999999946,0.4100000000000037
2018-02-26,53.99,55.0,55.13,53.92,4962100,0.20000000000000284,1.6099999999999994
2018-02-27,54.89,54.26,55.6,54.24,4878400,0.7299999999999969,-0.740000000000002
2018-02-28,54.41,54.25,54.6,53.64,4343800,0.8000000000000043,-0.00999999999999801
2018-03-01,54.14,53.48,55.31,53.3,5895600,1.3500000000000014,-0.7700000000000031
2018-03-02,52.9,53.18,53.42,51.87,4918200,1.2700000000000031,-0.29999999999999716
2018-03-05,52.9,53.19,53.69,52.69,3974800,0.7100000000000009,0.00999999999999801
2018-03-06,53.34,53.57,54.02,52.9,4273800,0.8900000000000077,0.38000000000000256
2018-03-07,53.12,54.11,54.17,53.04,3216900,0.14000000000000057,0.5399999999999991
2018-03-08,54.33,54.79,55.69,54.28,4189500,0.9499999999999957,0.6799999999999997
2018-03-09,55.05,56.07,56.08,54.65,3468900,0.4099999999999966,1.2800000000000011
2018-03-12,56.26,56.5,56.97,55.63,3256400,1.0999999999999943,0.4299999999999997
2018-03-13,56.86,56.23,57.44,56.03,4361800,0.779999999999994,-0.2700000000000031
2018-03-14,56.57,55.28,57.21,55.16,4267000,0.7600000000000051,-0.9499999999999957
2018-03-15,55.35,55.17,55.56,54.93,2980500,0.45000000000000284,-0.10999999999999943
2018-03-16,55.31,55.4,56.41,55.27,4574400,1.0499999999999972,0.22999999999999687
2018-03-19,55.33,54.62,55.69,54.19,3834300,0.7899999999999991,-0.7800000000000011
2018-03-20,54.93,55.32,55.7,54.67,2555600,0.6400000000000006,0.7000000000000028
2018-03-21,54.21,54.09,54.61,53.17,4811600,1.3200000000000003,-1.2299999999999969
2018-03-22,53.58,52.31,54.18,52.29,4871300,0.6200000000000045,-1.7800000000000011
2018-03-23,52.63,51.01,53.1,50.99,3966000,0.4899999999999949,-1.3000000000000043
2018-03-26,51.94,51.86,52.04,50.64,3210500,1.3200000000000003,0.8500000000000014
2018-03-27,52.3,50.9,52.35,50.55,2940700,0.4000000000000057,-0.9600000000000009
2018-03-28,50.9,50.85,51.26,50.05,4177500,1.1600000000000037,-0.04999999999999716
2018-03-29,51.3,51.96,52.43,51.03,3074100,0.7399999999999949,1.1099999999999994
2018-04-02,51.77,49.78,51.95,48.96,4185800,1.0,-2.1799999999999997
2018-04-03,50.23,51.47,51.55,49.57,3863300,0.7399999999999949,1.6899999999999977
2018-04-04,50.6,52.04,52.1,50.51,3955000,0.15000000000000568,0.5700000000000003
2018-04-05,52.5,52.14,53.08,51.83,3060900,0.8900000000000006,0.10000000000000142
2018-04-06,51.71,50.29,51.96,49.81,4302600,0.7299999999999969,-1.8500000000000014
2018-04-09,50.5,49.82,50.86,49.74,4330100,0.4399999999999977,-0.46999999999999886
2018-04-10,50.52,47.46,50.57,47.21,12805000,0.29999999999999716,-2.3599999999999994
2018-04-11,47.15,45.4,47.46,45.37,10151100,0.3400000000000034,-2.0600000000000023
2018-04-12,46.03,46.57,46.8,45.51,7040400,0.75,1.1700000000000017
2018-04-13,46.75,45.87,47.05,45.75,5226300,0.4199999999999946,-0.7000000000000028
2018-04-16,46.13,46.4,46.94,45.81,4516300,0.8599999999999994,0.5300000000000011
2018-04-17,46.75,45.75,47.03,45.62,6961100,0.4100000000000037,-0.6499999999999986
2018-04-18,46.5,47.76,48.38,46.05,9170700,1.0700000000000074,2.009999999999998
2018-04-19,47.53,46.88,47.77,46.41,5759300,0.710000000000008,-0.8799999999999955
2018-04-20,46.91,46.78,47.24,46.44,5344700,0.6700000000000088,-0.10000000000000142
2018-04-23,46.85,46.68,47.19,46.12,4221700,0.8999999999999986,-0.10000000000000142
2018-04-24,46.72,45.69,47.17,45.11,3954300,1.0300000000000011,-0.990000000000002
2018-04-25,45.67,45.25,45.93,43.89,7847600,1.6199999999999974,-0.4399999999999977
2018-04-26,43.49,42.37,43.8,40.65,20517300,2.029999999999994,-2.8800000000000026
2018-04-27,42.55,43.4,43.48,42.33,6955200,0.29999999999999716,1.0300000000000011
2018-04-30,43.5,42.93,43.81,42.76,6472900,0.480000000000004,-0.46999999999999886
2018-05-01,42.86,43.36,43.46,42.56,5341200,0.3999999999999986,0.4299999999999997
2018-05-02,43.23,42.24,43.41,42.19,6314400,0.23000000000000398,-1.1199999999999974
2018-05-03,42.25,42.11,42.49,41.54,4700500,0.8100000000000023,-0.13000000000000256
2018-05-04,41.75,42.86,43.45,41.75,5540900,0.5900000000000034,0.75
2018-05-07,42.92,42.44,43.23,42.12,5331000,0.6299999999999955,-0.4200000000000017
2018-05-08,42.33,43.0,44.01,42.33,7766600,1.009999999999998,0.5600000000000023
2018-05-09,42.93,41.5,43.16,41.47,8273700,0.259999999999998,-1.5
2018-05-10,41.51,42.04,42.46,41.51,7931600,0.4200000000000017,0.5399999999999991
2018-05-11,42.08,42.6,42.66,42.02,6066700,0.11999999999999034,0.5600000000000023
2018-05-14,42.75,42.46,43.09,42.2,4201600,0.6000000000000014,-0.14000000000000057
2018-05-15,42.02,43.19,43.4,41.6,6909600,0.6300000000000026,0.7299999999999969
2018-05-16,43.13,44.06,44.91,43.04,7493600,0.9399999999999977,0.8700000000000045
2018-05-17,43.9,43.63,44.51,43.49,5334100,0.75,-0.4299999999999997
2018-05-18,43.56,43.38,43.76,43.04,4216100,0.5399999999999991,-0.25
2018-05-21,43.74,44.28,44.79,43.63,4930200,0.6199999999999974,0.8999999999999986
2018-05-22,44.5,42.88,45.04,42.83,6892400,0.5900000000000034,-1.3999999999999986
2018-05-23,42.64,42.8,42.87,42.27,3915900,0.4399999999999977,-0.0800000000000054
2018-05-24,42.94,43.56,43.89,42.76,3855300,0.509999999999998,0.7600000000000051
2018-05-25,43.82,44.91,45.82,43.8,6517300,0.9300000000000068,1.3499999999999943
2018-05-29,44.6,43.59,45.15,43.22,4531800,0.9200000000000017,-1.3199999999999932
2018-05-30,43.68,43.3,43.83,42.66,5457900,0.7899999999999991,-0.29000000000000625
2018-05-31,43.4,43.54,44.71,42.97,8540100,1.6000000000000014,0.240000000000002
2018-06-01,44.05,44.0,44.09,43.35,5472300,0.6900000000000048,0.46000000000000085
2018-06-04,44.04,44.86,45.01,43.96,5685200,0.22999999999999687,0.8599999999999994
2018-06-05,44.78,44.18,45.02,43.81,4975300,0.6099999999999994,-0.6799999999999997
2018-06-06,43.45,44.19,44.23,42.88,6502500,0.6099999999999994,0.00999999999999801
2018-06-07,44.28,43.84,44.48,43.45,3729000,0.5899999999999963,-0.3499999999999943
2018-06-08,43.96,43.11,43.97,42.96,6273000,0.1599999999999966,-0.730000000000004
2018-06-11,43.25,44.16,44.93,43.25,6440700,0.7700000000000031,1.0499999999999972
2018-06-12,44.23,43.41,44.3,43.09,5204600,0.38999999999999346,-0.75
2018-06-13,43.39,42.92,43.69,42.83,5989000,0.39000000000000057,-0.4899999999999949
2018-06-14,43.06,43.08,43.49,42.8,4019300,0.6700000000000088,0.1599999999999966
2018-06-15,43.06,42.77,43.11,42.32,7032000,0.5,-0.30999999999999517
2018-06-18,42.63,42.44,42.68,41.94,5372100,0.5499999999999972,-0.3300000000000054
2018-06-19,42.03,41.51,42.21,41.09,5575300,0.5999999999999943,-0.9299999999999997
2018-06-20,41.65,42.03,42.34,41.35,4930600,0.6099999999999994,0.5200000000000031
2018-06-21,42.03,41.49,42.5,41.37,5025300,0.5900000000000034,-0.5399999999999991
2018-06-22,41.46,41.35,42.41,41.02,9115100,1.279999999999994,-0.14000000000000057
2018-06-25,41.09,39.68,41.27,39.29,7126400,0.5700000000000003,-1.6700000000000017
2018-06-26,39.87,39.09,39.96,38.99,6037400,0.19000000000000483,-0.5899999999999963
2018-06-27,39.09,38.26,39.18,38.25,7391600,0.09999999999999432,-0.8300000000000054
2018-06-28,38.33,38.2,38.53,37.06,7909700,1.3400000000000034,-0.05999999999999517
2018-06-29,38.25,37.96,38.75,37.82,6032100,0.6400000000000006,-0.240000000000002
2018-07-02,37.74,38.36,38.4,37.44,3363500,0.3400000000000034,0.3999999999999986
2018-07-03,37.64,37.75,38.33,36.76,5645300,1.4600000000000009,-0.6099999999999994
2018-07-05,37.85,37.99,38.18,37.52,6181500,0.519999999999996,0.240000000000002
2018-07-06,38.19,38.09,38.39,37.76,3695000,0.5300000000000082,0.10000000000000142
2018-07-09,38.21,39.31,39.41,38.07,4530400,0.23999999999999488,1.2199999999999989
2018-07-10,39.38,39.12,39.4,38.5,4910000,0.6399999999999935,-0.19000000000000483
2018-07-11,38.31,35.96,38.34,35.9,24894200,0.09000000000000341,-3.1599999999999966
2018-07-12,36.4,36.33,36.77,35.64,12226300,1.0600000000000023,0.36999999999999744
2018-07-13,36.31,37.12,37.26,36.14,10829800,0.3100000000000023,0.7899999999999991
2018-07-16,37.26,37.28,37.58,36.93,5358400,0.6299999999999955,0.1600000000000037
2018-07-17,37.1,37.38,38.05,37.08,6274400,0.6899999999999977,0.10000000000000142
2018-07-18,38.0,38.37,39.2,38.0,10297400,0.8300000000000054,0.9899999999999949
2018-07-19,38.32,38.13,38.38,37.55,4985200,0.6400000000000077,-0.23999999999999488
2018-07-20,37.96,37.88,38.38,37.81,5302700,0.490000000000002,-0.25
2018-07-23,37.65,38.04,38.22,37.36,4697300,0.46999999999999886,0.1599999999999966
2018-07-24,38.19,37.45,38.39,37.04,6415100,0.6100000000000065,-0.5899999999999963
2018-07-25,37.32,38.19,38.34,37.32,7336300,0.15000000000000568,0.7399999999999949
2018-07-26,37.85,40.02,40.45,37.6,12832300,0.6799999999999997,1.8300000000000054
2018-07-27,39.93,39.69,40.86,39.51,8445100,1.1099999999999994,-0.3300000000000054
2018-07-30,39.88,38.97,40.29,38.93,5746200,0.44999999999999574,-0.7199999999999989
2018-07-31,39.26,39.54,39.87,39.14,5761100,0.44999999999999574,0.5700000000000003
2018-08-01,39.38,38.14,39.47,37.69,7080700,0.5399999999999991,-1.3999999999999986
2018-08-02,37.86,37.93,38.12,37.35,5920700,0.6999999999999957,-0.21000000000000085
2018-08-03,38.06,38.42,38.62,38.05,3975100,0.21000000000000085,0.490000000000002
2018-08-06,38.26,38.41,38.49,37.87,3339900,0.47000000000000597,-0.010000000000005116
2018-08-07,38.65,38.26,38.74,38.19,6427100,0.1600000000000037,-0.14999999999999858
2018-08-08,38.41,38.38,38.86,38.22,3886500,0.6100000000000065,0.12000000000000455
2018-08-09,38.55,37.92,38.74,37.89,3699400,0.22000000000000597,-0.46000000000000085
2018-08-10,37.75,37.26,37.79,36.45,7481700,0.8499999999999943,-0.6600000000000037
2018-08-13,37.29,36.79,37.33,36.68,4051800,0.14999999999999858,-0.46999999999999886
2018-08-14,36.84,37.09,37.56,36.83,3873000,0.480000000000004,0.30000000000000426
2018-08-15,36.96,37.44,37.51,36.42,5599200,0.6099999999999994,0.3499999999999943
2018-08-16,37.75,38.16,38.46,37.44,5876500,0.6100000000000065,0.7199999999999989
2018-08-17,37.99,37.79,38.21,37.72,6364900,0.28999999999999915,-0.36999999999999744
2018-08-20,38.04,39.99,40.1,37.99,9628900,0.1599999999999966,2.200000000000003
2018-08-21,39.98,40.33,40.71,39.84,6491800,0.519999999999996,0.3399999999999963
2018-08-22,40.08,39.19,40.19,39.14,5593100,0.1599999999999966,-1.1400000000000006
2018-08-23,39.19,38.83,39.39,38.72,3931900,0.3100000000000023,-0.35999999999999943
2018-08-24,38.9,38.82,39.15,38.53,3561700,0.5399999999999991,-0.00999999999999801
2018-08-27,39.02,39.52,39.82,39.02,11236000,0.29999999999999716,0.7000000000000028
2018-08-28,39.67,40.69,40.7,39.6,7373500,0.0800000000000054,1.1699999999999946
2018-08-29,40.66,40.5,41.04,40.25,4475100,0.6300000000000026,-0.18999999999999773
2018-08-30,40.36,40.4,40.84,40.15,4330100,0.6500000000000057,-0.10000000000000142
2018-08-31,40.25,40.48,40.55,40.18,3464000,0.14000000000000057,0.0799999999999983
2018-09-04,40.32,40.77,41.34,40.32,7123200,0.5700000000000003,0.29000000000000625
2018-09-05,40.81,39.67,41.37,38.88,9738800,1.3499999999999943,-1.1000000000000014
2018-09-06,39.48,38.48,39.69,38.25,6917300,0.4399999999999977,-1.1900000000000048
2018-09-07,38.31,38.43,39.27,38.15,4875700,1.000000000000007,-0.04999999999999716
2018-09-10,38.66,39.43,39.49,38.49,3901000,0.22999999999999687,1.0
2018-09-11,39.33,40.18,40.31,39.07,5863600,0.39000000000000057,0.75
2018-09-12,40.26,39.26,40.4,39.23,6103400,0.1700000000000017,-0.9200000000000017
2018-09-13,39.49,39.48,40.06,39.42,4268900,0.6299999999999955,0.21999999999999886
2018-09-14,39.54,39.74,39.97,39.32,2905100,0.44999999999999574,0.2600000000000051
2018-09-17,39.7,40.32,40.55,39.7,5072800,0.22999999999999687,0.5799999999999983
2018-09-18,40.36,40.79,40.86,39.65,5548300,0.7800000000000011,0.46999999999999886
2018-09-19,40.79,41.6,41.77,40.7,7413600,0.259999999999998,0.8100000000000023
2018-09-20,41.82,41.89,42.17,41.19,6865600,0.9100000000000037,0.28999999999999915
2018-09-21,42.04,43.6,43.89,41.99,10743100,0.3399999999999963,1.7100000000000009
2018-09-24,43.27,41.98,43.3,41.85,7105100,0.15999999999998948,-1.6200000000000045
2018-09-25,42.0,40.81,42.19,40.27,6744200,0.7299999999999969,-1.1699999999999946
2018-09-26,40.84,41.04,41.48,40.78,4623700,0.5,0.22999999999999687
2018-09-27,41.23,41.5,42.2,41.15,5654600,0.7800000000000011,0.46000000000000085
2018-09-28,41.37,41.33,41.96,40.7,5030600,1.2199999999999989,-0.1700000000000017
2018-10-01,41.41,39.61,41.75,39.6,7210700,0.3500000000000014,-1.7199999999999989
2018-10-02,39.6,38.5,39.6,38.4,7625000,0.10000000000000142,-1.1099999999999994
2018-10-03,38.7,38.8,39.26,38.42,6370300,0.740000000000002,0.29999999999999716
2018-10-04,38.8,37.92,39.01,37.48,5916500,0.6500000000000057,-0.8799999999999955
2018-10-05,37.93,36.44,38.13,36.21,9127000,0.4299999999999997,-1.480000000000004
2018-10-08,36.44,35.9,36.85,35.6,7879300,0.7100000000000009,-0.5399999999999991
2018-10-09,36.3,33.55,36.39,33.41,19662600,0.23000000000000398,-2.3500000000000014
2018-10-10,33.33,31.61,33.4,31.59,20539000,0.08999999999999986,-1.9399999999999977
2018-10-11,32.3,31.27,32.75,30.75,17115800,0.9700000000000024,-0.33999999999999986
2018-10-12,31.97,30.91,32.13,30.81,12905200,0.2600000000000051,-0.35999999999999943
2018-10-15,31.0,31.78,32.24,30.82,11092500,0.6400000000000006,0.870000000000001
2018-10-16,32.06,33.28,33.44,31.98,11339200,0.23999999999999844,1.5
2018-10-17,34.45,33.57,35.4,33.53,15068600,0.9899999999999949,0.28999999999999915
2018-10-18,33.58,32.06,33.76,31.87,12778300,0.370000000000001,-1.509999999999998
2018-10-19,32.09,32.04,32.65,31.81,10445200,0.7899999999999956,-0.020000000000003126
2018-10-22,32.27,32.16,32.52,31.82,7572100,0.5899999999999963,0.11999999999999744
2018-10-23,31.53,32.38,32.44,30.6,12468300,0.9899999999999949,0.22000000000000597
2018-10-24,32.48,30.34,32.75,30.24,15348200,0.37000000000000455,-2.0400000000000027
2018-10-25,31.19,32.37,33.33,31.12,18375200,1.0300000000000011,2.0299999999999976
2018-10-26,31.4,32.46,33.01,31.3,11438600,0.649999999999995,0.09000000000000341
2018-10-29,33.14,32.6,33.99,31.95,9405500,1.5000000000000036,0.14000000000000057
2018-10-30,32.44,34.66,34.78,32.33,13067600,0.23000000000000398,2.059999999999995
2018-10-31,35.16,35.08,35.9,34.81,11132800,1.009999999999998,0.4200000000000017
2018-11-01,35.3,36.37,36.47,35.07,9643200,0.3299999999999983,1.2899999999999991
2018-11-02,36.59,36.33,37.46,35.64,10039100,1.5599999999999952,-0.03999999999999915
2018-11-05,36.35,35.72,36.52,35.13,11305300,0.759999999999998,-0.6099999999999994
2018-11-06,35.6,35.17,35.96,34.84,11376700,0.6899999999999977,-0.5499999999999972
2018-11-07,35.57,36.97,37.39,35.48,10904000,0.5100000000000051,1.7999999999999972
2018-11-08,36.77,36.86,37.05,35.97,6884800,0.990000000000002,-0.10999999999999943
2018-11-09,36.7,36.22,37.26,36.03,6794400,0.7499999999999929,-0.6400000000000006
2018-11-12,36.31,36.86,37.3,35.78,9360800,0.9699999999999989,0.6400000000000006
2018-11-13,37.15,37.78,38.42,37.1,9694100,0.6899999999999977,0.9200000000000017
2018-11-14,38.0,38.11,38.59,37.45,7288400,1.0300000000000011,0.3299999999999983
2018-11-15,37.87,37.82,38.16,36.31,8296700,1.7999999999999972,-0.28999999999999915
2018-11-16,37.4,36.75,37.53,36.5,10645700,0.38000000000000256,-1.0700000000000003
2018-11-19,36.76,35.82,37.08,35.31,9421000,0.8299999999999983,-0.9299999999999997
2018-11-20,35.05,35.59,36.39,34.86,7059600,0.9899999999999949,-0.22999999999999687
2018-11-21,36.09,36.31,37.51,35.97,8701500,1.3200000000000003,0.7199999999999989
2018-11-23,36.66,37.95,38.27,36.66,6121300,0.3200000000000003,1.6400000000000006
2018-11-26,38.3,38.1,38.62,37.7,9203100,0.7199999999999989,0.14999999999999858
2018-11-27,38.21,38.29,38.77,37.81,8143000,0.8800000000000026,0.18999999999999773
2018-11-28,38.59,38.94,38.97,37.78,6673800,0.8400000000000034,0.6499999999999986
2018-11-29,38.8,38.42,39.34,38.4,5178100,0.5600000000000094,-0.519999999999996
2018-11-30,38.42,40.16,40.2,38.42,10015700,0.04000000000000625,1.7399999999999949
2018-12-03,40.57,39.65,40.58,39.14,6578000,0.519999999999996,-0.509999999999998
2018-12-04,38.82,36.69,39.21,36.67,12315100,0.4099999999999966,-2.960000000000001
2018-12-06,36.0,36.94,37.1,35.79,9378900,0.37000000000000455,0.25
2018-12-07,36.58,33.57,36.6,33.38,14380100,0.21000000000000085,-3.3699999999999974
2018-12-10,33.67,33.84,34.17,32.61,8569100,1.3900000000000006,0.2700000000000031
2018-12-11,34.36,34.1,34.81,33.61,8055400,0.9400000000000048,0.259999999999998
2018-12-12,34.55,34.35,34.79,34.09,7630500,0.5,0.25
2018-12-13,34.3,32.46,34.69,32.38,10279700,0.46999999999999886,-1.8900000000000006
2018-12-14,32.27,32.41,33.27,32.08,8558600,1.0500000000000114,-0.05000000000000426
2018-12-17,32.3,32.04,32.86,31.7,7638100,0.9000000000000021,-0.36999999999999744
2018-12-18,32.47,33.54,33.65,32.47,9117600,0.10999999999999943,1.5
2018-12-19,33.46,32.42,33.98,32.23,8120500,0.7100000000000009,-1.1199999999999974
2018-12-20,32.34,31.89,32.68,30.95,9439600,1.2799999999999976,-0.5300000000000011
2018-12-21,31.95,30.78,32.65,30.65,11800600,0.8300000000000018,-1.1099999999999994
2018-12-24,30.51,29.72,30.92,29.67,5902000,0.4599999999999973,-1.0600000000000023
2018-12-26,30.12,32.29,32.33,29.59,8621300,0.5700000000000003,2.5700000000000003
2018-12-27,31.71,32.04,32.05,30.87,7751300,0.8499999999999979,-0.25
2018-12-28,32.17,31.83,32.6,31.51,6379400,0.7499999999999964,-0.21000000000000085
2018-12-31,32.09,32.11,32.62,31.68,5334700,0.9200000000000017,0.28000000000000114
2019-01-02,31.46,32.48,32.65,31.05,5229500,0.5800000000000018,0.36999999999999744
2019-01-03,31.69,30.06,31.85,28.81,16822000,1.4100000000000001,-2.419999999999998
2019-01-04,30.44,32.04,32.09,30.4,9369600,0.09000000000000696,1.9800000000000004
2019-01-07,31.99,32.95,33.48,31.24,8010700,1.279999999999994,0.9100000000000037
2019-01-08,33.36,32.42,33.65,32.2,7107700,0.509999999999998,-0.5300000000000011
2019-01-09,32.42,33.42,33.55,32.3,6179400,0.25,1.0
2019-01-10,30.62,32.04,32.21,29.78,19726300,1.0100000000000016,-1.3800000000000026
2019-01-11,31.8,31.8,31.99,31.1,6900100,0.889999999999997,-0.23999999999999844
2019-01-14,31.4,31.71,31.93,30.7,5878500,0.9199999999999982,-0.08999999999999986
2019-01-15,31.88,32.1,32.86,31.63,7643100,1.009999999999998,0.39000000000000057
2019-01-16,32.82,32.84,33.67,32.74,9141600,0.9099999999999966,0.740000000000002
2019-01-17,32.75,33.58,33.89,32.63,5917500,0.4299999999999997,0.7399999999999949
2019-01-18,33.84,33.97,34.04,33.15,5817700,0.7600000000000051,0.39000000000000057
2019-01-22,33.76,32.74,33.88,32.45,14598200,0.4100000000000037,-1.2299999999999969
2019-01-23,32.93,31.65,33.1,31.39,14317900,0.4299999999999997,-1.0900000000000034
2019-01-24,34.26,33.66,34.35,32.83,15531100,0.9200000000000017,2.009999999999998
2019-01-25,33.94,34.98,35.5,33.76,15811300,0.7000000000000028,1.3200000000000003
2019-01-28,34.53,36.57,36.62,34.5,14843500,0.0799999999999983,1.5900000000000034
2019-01-29,36.76,36.29,37.08,36.07,8744300,0.5399999999999991,-0.28000000000000114
2019-01-30,36.43,36.34,36.68,36.17,7435600,0.4200000000000017,0.05000000000000426
2019-01-31,36.31,35.77,36.55,35.55,7706600,0.46000000000000085,-0.5700000000000003
2019-02-01,35.77,36.11,36.59,35.77,6611900,0.480000000000004,0.3399999999999963
2019-02-04,36.16,36.78,36.81,36.12,9089300,0.07000000000000028,0.6700000000000017
2019-02-05,36.81,36.93,37.23,36.7,6003200,0.4099999999999966,0.14999999999999858
2019-02-06,36.8,36.76,37.09,36.61,5802800,0.44000000000000483,-0.1700000000000017
2019-02-07,36.46,36.17,36.7,35.94,5857300,0.47000000000000597,-0.5899999999999963
2019-02-08,35.8,36.0,36.23,35.39,4973300,0.6399999999999935,-0.1700000000000017
2019-02-11,36.08,36.59,36.72,36.08,4932600,0.12999999999999545,0.5900000000000034
2019-02-12,36.76,35.75,37.17,35.67,6883200,0.490000000000002,-0.8400000000000034
2019-02-13,35.83,36.21,36.46,35.81,5837900,0.269999999999996,0.46000000000000085
2019-02-14,35.91,36.11,36.53,35.67,4070000,0.6599999999999966,-0.10000000000000142
2019-02-15,36.24,35.05,36.34,34.96,11471900,0.18999999999999773,-1.0600000000000023
2019-02-19,35.03,35.47,35.9,35.0,6436100,0.46000000000000085,0.4200000000000017
2019-02-20,35.0,35.06,35.24,34.77,6969900,0.4099999999999966,-0.4099999999999966
2019-02-21,34.98,34.98,35.51,34.83,5900700,0.6799999999999997,-0.0800000000000054
2019-02-22,35.0,35.49,35.55,35.0,5393300,0.05999999999999517,0.5100000000000051
2019-02-25,35.75,35.9,36.38,35.67,10905900,0.5600000000000023,0.4099999999999966
2019-02-26,35.9,36.25,36.73,35.75,7565000,0.6299999999999955,0.3500000000000014
2019-02-27,36.11,35.69,36.33,35.27,5874900,0.6399999999999935,-0.5600000000000023
2019-02-28,35.63,35.63,35.89,35.17,7873800,0.7199999999999989,-0.05999999999999517
2019-03-01,35.58,34.64,35.96,34.37,8654000,0.6500000000000057,-0.990000000000002
2019-03-04,34.76,33.72,34.89,33.5,6998100,0.3500000000000014,-0.9200000000000017
2019-03-05,34.03,33.23,34.38,33.17,7405700,0.4099999999999966,-0.490000000000002
2019-03-06,33.22,32.76,33.42,32.52,6420800,0.4399999999999977,-0.46999999999999886
2019-03-07,32.7,32.22,32.7,31.62,7112400,0.5999999999999979,-0.5399999999999991
2019-03-08,31.9,31.91,32.12,31.37,6200500,0.7399999999999949,-0.3099999999999987
2019-03-11,31.64,32.05,32.27,31.57,8944000,0.29000000000000625,0.13999999999999702
2019-03-12,32.19,30.92,32.19,30.88,10887500,0.0400000000000027,-1.1299999999999955
2019-03-13,31.22,31.84,31.93,31.0,11092900,0.3099999999999987,0.9199999999999982
2019-03-14,31.96,32.13,32.47,31.88,6454500,0.41999999999999815,0.2900000000000027
2019-03-15,32.28,31.43,32.35,31.42,9645100,0.0799999999999983,-0.7000000000000028
2019-03-18,31.5,31.38,31.58,31.03,6832700,0.42999999999999616,-0.05000000000000071
2019-03-19,31.5,31.59,32.12,31.38,6824500,0.6499999999999986,0.21000000000000085
2019-03-20,31.5,30.96,31.55,30.77,6250200,0.240000000000002,-0.629999999999999
2019-03-21,30.89,31.45,31.77,30.79,5725100,0.4200000000000017,0.48999999999999844
2019-03-22,31.32,30.57,31.44,30.53,7488900,0.16000000000000014,-0.879999999999999
2019-03-25,30.53,30.21,30.72,30.16,5172000,0.23999999999999844,-0.35999999999999943
2019-03-26,30.51,30.21,30.62,29.97,4583400,0.3500000000000014,0.0
2019-03-27,30.27,30.94,31.2,30.15,6406900,0.379999999999999,0.7300000000000004
2019-03-28,31.01,30.9,31.37,30.44,6687200,0.8199999999999967,-0.0400000000000027
2019-03-29,31.14,31.76,31.89,30.84,6980800,0.4299999999999997,0.860000000000003
2019-04-01,31.98,32.35,32.73,31.7,7438200,0.6599999999999966,0.5899999999999999
2019-04-02,33.04,32.99,33.47,32.46,10406100,0.9600000000000009,0.6400000000000006
2019-04-03,33.22,33.71,33.99,33.21,10047400,0.28999999999999915,0.7199999999999989
2019-04-04,33.96,33.93,34.12,33.35,6192300,0.7399999999999949,0.21999999999999886
2019-04-05,33.97,34.06,34.4,33.88,5164700,0.4299999999999926,0.13000000000000256
2019-04-08,33.64,33.88,33.95,33.44,6219800,0.2700000000000031,-0.17999999999999972
2019-04-09,33.37,33.31,33.52,32.6,8119100,0.8600000000000065,-0.5700000000000003
2019-04-10,33.76,34.02,34.13,33.09,7159500,0.779999999999994,0.7100000000000009
2019-04-11,33.99,34.81,34.97,33.91,7352400,0.240000000000002,0.7899999999999991
2019-04-12,34.99,34.69,35.24,34.5,4610500,0.4399999999999977,-0.12000000000000455
2019-04-15,34.65,33.75,35.24,33.68,6390600,0.6600000000000037,-0.9399999999999977
2019-04-16,33.96,34.03,34.09,33.59,4498400,0.4299999999999997,0.28000000000000114
2019-04-17,34.45,34.38,34.72,34.1,3772100,0.5499999999999972,0.3500000000000014
2019-04-18,34.43,34.37,34.62,33.9,3318200,0.6599999999999966,-0.010000000000005116
2019-04-22,34.1,33.48,34.2,33.42,3884200,0.1599999999999966,-0.8900000000000006
2019-04-23,33.43,33.97,34.18,33.42,3329800,0.21999999999999886,0.490000000000002
2019-04-24,33.92,33.99,34.49,33.9,3739800,0.5200000000000031,0.020000000000003126
2019-04-25,34.05,33.41,34.25,33.13,6156500,0.4799999999999969,-0.5800000000000054
2019-04-26,32.15,33.06,33.92,32.1,9623100,0.9099999999999966,-0.3499999999999943
2019-04-29,33.51,33.77,33.99,33.31,5558200,0.4199999999999946,0.7100000000000009
2019-04-30,33.78,34.18,34.39,33.55,5719600,0.44000000000000483,0.4099999999999966
2019-05-01,34.3,33.91,34.59,33.88,4466600,0.3200000000000003,-0.2700000000000031
2019-05-02,33.96,33.95,34.85,33.84,5320300,1.0,0.04000000000000625
2019-05-03,34.21,34.79,34.9,34.15,5181400,0.1700000000000017,0.8399999999999963
2019-05-06,34.25,34.75,34.77,33.72,4156800,0.5500000000000043,-0.03999999999999915
2019-05-07,34.25,33.91,34.33,33.41,6957800,0.5799999999999983,-0.8400000000000034
2019-05-08,33.7,33.75,34.38,33.56,4374100,0.7700000000000031,-0.1599999999999966
2019-05-09,33.39,33.95,34.02,33.06,4500100,0.3999999999999986,0.20000000000000284
2019-05-10,33.72,33.99,34.19,32.94,4949800,0.9799999999999969,0.03999999999999915
2019-05-13,33.16,32.14,33.2,31.98,7040900,0.2000000000000064,-1.8500000000000014
2019-05-14,32.19,32.34,32.65,32.01,5503900,0.4899999999999949,0.20000000000000284
2019-05-15,32.03,32.16,32.42,31.55,4518600,0.7400000000000055,-0.18000000000000682
2019-05-16,32.2,32.32,32.9,32.02,4739700,0.759999999999998,0.1600000000000037
2019-05-17,32.03,31.74,32.36,31.69,4751600,0.37999999999999545,-0.5800000000000018
2019-05-20,30.65,30.96,31.22,30.22,7576200,0.6899999999999977,-0.7799999999999976
2019-05-21,31.21,31.3,31.64,31.13,4986900,0.4200000000000017,0.33999999999999986
2019-05-22,31.23,29.92,31.23,29.81,10258700,0.11000000000000298,-1.379999999999999
2019-05-23,29.73,29.5,29.98,29.31,11324600,0.4400000000000013,-0.4200000000000017
2019-05-24,29.69,29.17,29.94,28.98,5764000,0.4400000000000013,-0.3299999999999983
2019-05-28,29.26,28.73,29.32,28.5,8362800,0.28999999999999915,-0.4400000000000013
2019-05-29,28.51,28.41,28.55,27.92,6248100,0.5299999999999976,-0.3200000000000003
2019-05-30,28.5,28.17,28.75,27.99,4734100,0.43000000000000327,-0.23999999999999844
2019-05-31,27.8,27.23,27.92,27.11,7441400,0.240000000000002,-0.9400000000000013
2019-06-03,27.12,27.2,27.81,27.02,6796300,0.7100000000000009,-0.030000000000001137
2019-06-04,27.63,29.12,29.31,27.5,10218500,0.31999999999999673,1.9200000000000017
2019-06-05,29.76,30.36,30.45,29.46,8713700,0.39000000000000057,1.2399999999999984
2019-06-06,30.4,30.38,30.51,29.88,5507600,0.610000000000003,0.019999999999999574
2019-06-07,30.59,30.92,31.15,30.43,4843600,0.389999999999997,0.5400000000000027
2019-06-10,31.15,30.76,31.72,30.72,5449400,0.610000000000003,-0.16000000000000014
2019-06-11,31.1,30.58,31.29,30.51,3461800,0.25999999999999446,-0.18000000000000327
2019-06-12,30.56,31.1,31.13,30.45,5144200,0.13999999999999702,0.5200000000000031
2019-06-13,31.69,33.09,33.32,31.41,10856500,0.509999999999998,1.990000000000002
2019-06-14,32.97,32.68,33.2,32.22,6128000,0.6900000000000048,-0.4100000000000037
2019-06-17,32.1,32.56,32.92,32.1,3420700,0.35999999999999943,-0.11999999999999744
2019-06-18,32.78,32.52,33.3,32.42,3789300,0.6199999999999974,-0.03999999999999915
2019-06-19,32.72,33.21,33.3,32.51,5535500,0.29999999999999716,0.6899999999999977
2019-06-20,33.66,32.15,33.81,31.9,8969200,0.4000000000000057,-1.0600000000000023
2019-06-21,32.03,31.57,32.39,31.51,7481800,0.41999999999999815,-0.5799999999999983
2019-06-24,31.57,31.82,31.89,31.31,8425700,0.33000000000000185,0.25
2019-06-25,31.83,31.26,32.11,31.24,6523600,0.30000000000000426,-0.5599999999999987
2019-06-26,31.48,31.46,31.72,31.07,4089700,0.629999999999999,0.1999999999999993
2019-06-27,31.56,32.15,32.55,31.42,4274500,0.5399999999999956,0.6899999999999977
2019-06-28,32.23,32.61,32.73,32.16,5238500,0.18999999999999773,0.46000000000000085
2019-07-01,33.14,32.88,33.66,32.53,8985600,0.8699999999999974,0.2700000000000031
2019-07-02,33.09,32.19,33.21,32.03,4765100,0.27999999999999403,-0.6900000000000048
2019-07-03,32.4,32.72,32.85,32.35,2747700,0.17999999999999972,0.5300000000000011
2019-07-05,32.54,32.46,32.83,31.95,2583900,0.8000000000000007,-0.259999999999998
2019-07-08,31.99,32.79,32.92,31.98,5328800,0.14000000000000057,0.3299999999999983
2019-07-09,32.4,32.36,32.75,31.93,5450600,0.7800000000000011,-0.4299999999999997
2019-07-10,32.93,32.94,33.69,32.59,8869700,1.0899999999999963,0.5799999999999983
2019-07-11,33.06,33.03,33.3,32.82,6842900,0.44999999999999574,0.09000000000000341
2019-07-12,33.12,33.78,33.9,33.0,5012200,0.23999999999999488,0.75
2019-07-15,33.67,33.61,33.95,33.42,3483600,0.46999999999999886,-0.1700000000000017
2019-07-16,33.7,34.22,34.67,33.7,6353600,0.45000000000000284,0.6099999999999994
2019-07-17,34.34,33.26,34.42,33.11,5881900,0.22999999999999687,-0.9600000000000009
2019-07-18,33.41,33.74,33.82,33.11,3049300,0.37999999999999545,0.480000000000004
2019-07-19,33.82,33.08,34.02,33.06,4249000,0.21999999999999886,-0.6600000000000037
2019-07-22,33.22,32.9,33.42,32.85,4005600,0.25,-0.17999999999999972
2019-07-23,33.02,33.73,33.79,32.57,4524100,0.5100000000000051,0.8299999999999983
2019-07-24,33.62,34.59,34.99,33.62,7315300,0.3999999999999986,0.8600000000000065
2019-07-25,34.55,31.67,34.82,31.58,13152300,0.36000000000000654,-2.9200000000000017
2019-07-26,32.0,31.24,32.25,31.16,7875200,0.3299999999999983,-0.43000000000000327
2019-07-29,30.97,30.74,31.19,30.54,6963900,0.4200000000000017,-0.5
2019-07-30,30.45,30.71,30.81,30.21,5290200,0.3399999999999963,-0.029999999999997584
2019-07-31,30.68,30.51,31.14,30.27,6269400,0.7000000000000028,-0.1999999999999993
2019-08-01,30.43,29.84,30.57,29.43,8013000,0.5500000000000007,-0.6700000000000017
2019-08-02,29.7,29.45,29.81,29.07,6475900,0.48999999999999844,-0.39000000000000057
2019-08-05,28.97,28.53,28.97,28.0,8948900,0.5300000000000011,-0.9199999999999982
2019-08-06,28.85,28.36,29.06,28.02,6010100,0.5499999999999972,-0.1700000000000017
2019-08-07,28.0,28.63,28.76,27.82,6771500,0.3100000000000023,0.2699999999999996
2019-08-08,28.81,29.08,29.39,28.76,5028200,0.35999999999999943,0.4499999999999993
2019-08-09,28.85,28.78,29.07,28.56,4031300,0.4400000000000013,-0.29999999999999716
2019-08-12,28.5,27.64,28.51,27.52,8015000,0.13000000000000256,-1.1400000000000006
2019-08-13,27.62,27.51,28.37,27.33,12950000,0.9300000000000033,-0.129999999999999
2019-08-14,27.05,26.1,27.07,26.09,10104400,0.030000000000001137,-1.4100000000000001
2019-08-15,26.2,25.41,26.31,25.14,10057900,0.379999999999999,-0.6900000000000013
2019-08-16,25.62,25.79,26.05,25.39,8826800,0.490000000000002,0.379999999999999
2019-08-19,26.2,26.1,26.69,26.08,9034800,0.5100000000000051,0.3100000000000023
2019-08-20,26.08,25.83,26.08,25.56,7658800,0.2699999999999996,-0.2700000000000031
2019-08-21,26.06,26.42,26.6,26.01,6227500,0.22999999999999687,0.5900000000000034
2019-08-22,26.46,26.53,26.98,26.34,5957900,0.5700000000000003,0.10999999999999943
2019-08-23,26.27,25.42,26.51,25.35,8900100,0.3100000000000023,-1.1099999999999994
2019-08-26,25.9,25.19,25.91,25.03,6722600,0.1700000000000017,-0.23000000000000043
2019-08-27,25.27,24.45,25.34,24.32,7503700,0.1999999999999993,-0.740000000000002
2019-08-28,24.41,25.33,25.51,24.23,9079100,0.360000000000003,0.879999999999999
2019-08-29,25.79,26.32,26.61,25.7,7205600,0.379999999999999,0.990000000000002
2019-08-30,26.4,26.31,26.83,26.16,5076200,0.5799999999999983,-0.010000000000001563
2019-09-03,26.16,26.51,26.66,25.95,6730000,0.35999999999999943,0.20000000000000284
2019-09-04,26.66,27.0,27.22,26.52,5653300,0.35999999999999943,0.48999999999999844
2019-09-05,27.45,27.69,28.11,27.44,6254600,0.42999999999999616,0.6900000000000013
2019-09-06,28.16,27.79,28.23,27.73,5791900,0.129999999999999,0.09999999999999787
2019-09-09,27.79,28.44,28.75,27.71,8561600,0.389999999999997,0.6500000000000021
2019-09-10,28.28,29.12,29.18,28.21,6377300,0.129999999999999,0.6799999999999997
2019-09-11,29.16,29.76,29.93,28.73,10842600,0.5999999999999979,0.6400000000000006
2019-09-12,29.67,29.94,30.22,29.64,5808800,0.3099999999999987,0.17999999999999972
2019-09-13,30.2,29.95,30.34,29.87,7131900,0.21999999999999886,0.00999999999999801
2019-09-16,28.56,27.77,28.79,27.7,15507800,0.3000000000000007,-2.1799999999999997
2019-09-17,28.02,28.64,29.25,27.92,12683400,0.7099999999999973,0.870000000000001
2019-09-18,28.55,28.6,28.66,28.07,6129400,0.5399999999999991,-0.03999999999999915
2019-09-19,28.63,28.3,28.74,28.16,5102700,0.25,-0.3000000000000007
2019-09-20,28.2,27.99,28.44,27.96,6885400,0.2699999999999996,-0.3100000000000023
2019-09-23,27.71,27.5,27.88,27.36,5324400,0.3099999999999987,-0.48999999999999844
2019-09-24,27.62,27.0,27.7,26.77,5558300,0.3099999999999987,-0.5
2019-09-25,27.13,27.44,27.83,27.02,6369400,0.49999999999999645,0.4400000000000013
2019-09-26,27.57,27.19,27.6,26.91,4831300,0.3100000000000023,-0.25
2019-09-27,27.01,27.01,27.81,26.91,5155100,0.8999999999999986,-0.17999999999999972
2019-09-30,27.35,26.97,27.41,26.82,5109800,0.2099999999999973,-0.0400000000000027
2019-10-01,27.08,26.8,27.66,26.59,6547000,0.7900000000000027,-0.16999999999999815
2019-10-02,26.5,25.37,26.51,25.02,14178200,0.360000000000003,-1.4299999999999997
2019-10-03,25.47,25.27,25.51,24.51,8586400,0.8000000000000007,-0.10000000000000142
2019-10-04,25.33,25.83,25.85,25.07,6446100,0.28000000000000114,0.5599999999999987
2019-10-07,25.8,25.83,26.06,25.52,5725400,0.5100000000000016,0.0
2019-10-08,25.56,26.26,26.8,25.45,9028100,0.6499999999999986,0.43000000000000327
2019-10-09,26.78,27.07,27.33,26.69,8095500,0.34999999999999787,0.8099999999999987
2019-10-10,26.68,27.18,27.25,26.5,7057600,0.25,0.10999999999999943
2019-10-11,27.63,27.36,28.02,27.34,7492400,0.41000000000000014,0.17999999999999972
2019-10-14,27.37,27.62,27.66,27.14,3167100,0.2699999999999996,0.26000000000000156
2019-10-15,27.63,28.27,28.37,27.28,7019200,0.4499999999999993,0.6499999999999986
2019-10-16,28.33,28.05,28.81,28.03,6353300,0.5,-0.21999999999999886
2019-10-17,28.31,27.93,28.44,27.85,6709600,0.21000000000000085,-0.120000000000001
2019-10-18,27.8,28.22,28.32,27.71,5689100,0.19000000000000128,0.28999999999999915
2019-10-21,28.51,28.62,28.91,28.43,6746400,0.370000000000001,0.40000000000000213
2019-10-22,28.5,28.26,28.69,27.82,8022000,0.6300000000000026,-0.35999999999999943
2019-10-23,28.25,28.29,28.4,27.88,8396900,0.4800000000000004,0.029999999999997584
2019-10-24,29.27,29.41,29.85,28.49,17890900,1.2200000000000024,1.120000000000001
2019-10-25,29.4,30.86,30.89,29.3,13835700,0.129999999999999,1.4499999999999993
2019-10-28,31.0,31.36,31.67,31.0,10298500,0.3100000000000023,0.5
2019-10-29,31.42,30.92,31.49,30.68,6843200,0.3099999999999987,-0.4399999999999977
2019-10-30,30.77,30.29,30.94,29.93,10356100,0.5300000000000011,-0.6300000000000026
2019-10-31,30.07,30.06,30.21,29.46,8779400,0.7399999999999984,-0.23000000000000043
2019-11-01,30.3,30.56,30.61,30.02,8270900,0.33000000000000185,0.5
2019-11-04,30.71,30.95,30.99,30.47,5888600,0.28000000000000114,0.39000000000000057
2019-11-05,31.0,31.18,31.58,30.91,5500000,0.48999999999999844,0.23000000000000043
2019-11-06,31.17,30.96,31.19,30.65,4270300,0.33000000000000185,-0.21999999999999886
2019-11-07,31.21,30.89,31.44,30.75,6342400,0.370000000000001,-0.07000000000000028
2019-11-08,30.72,30.76,30.85,29.96,6352900,0.8499999999999979,-0.129999999999999
2019-11-11,30.54,30.59,30.75,30.2,4109100,0.5,-0.1700000000000017
2019-11-12,30.58,29.52,30.67,29.4,8662900,0.2100000000000044,-1.0700000000000003
2019-11-13,29.03,28.66,29.16,28.57,7152300,0.21999999999999886,-0.8599999999999994
2019-11-14,28.75,28.77,28.9,28.46,4393200,0.41999999999999815,0.10999999999999943
2019-11-15,28.95,28.86,29.2,28.8,4552000,0.3099999999999987,0.08999999999999986
2019-11-18,28.64,28.6,28.89,28.28,5368800,0.5700000000000003,-0.259999999999998
2019-11-19,28.93,29.29,29.38,28.73,5965500,0.28999999999999915,0.6899999999999977
2019-11-20,29.14,28.23,29.24,28.05,9936100,0.2799999999999976,-1.0599999999999987
2019-11-21,28.27,27.93,28.48,27.84,6071800,0.3000000000000007,-0.3000000000000007
2019-11-22,28.2,28.68,28.72,28.13,4827100,0.10999999999999943,0.75
2019-11-25,28.8,28.99,29.18,28.62,5171200,0.370000000000001,0.3099999999999987
2019-11-26,28.95,29.05,29.07,28.57,5932800,0.3999999999999986,0.060000000000002274
2019-11-27,29.07,28.95,29.33,28.74,3381800,0.46999999999999886,-0.10000000000000142
2019-11-29,28.92,28.74,29.27,28.66,2970800,0.42999999999999616,-0.21000000000000085
2019-12-02,28.79,28.08,28.99,28.01,6850800,0.269999999999996,-0.6600000000000001
2019-12-03,27.73,27.29,27.77,26.96,7736600,0.36999999999999744,-0.7899999999999991
2019-12-04,27.42,27.38,27.76,27.22,4805300,0.5,0.08999999999999986
2019-12-05,27.46,27.24,27.57,27.05,4994500,0.29999999999999716,-0.14000000000000057
2019-12-06,27.5,27.73,27.96,27.47,6093100,0.26000000000000156,0.490000000000002
2019-12-09,27.62,27.49,27.83,27.46,4474400,0.23999999999999488,-0.240000000000002
2019-12-10,27.55,27.0,27.63,26.9,7538700,0.17999999999999972,-0.48999999999999844
2019-12-11,27.08,26.86,27.1,26.68,5434600,0.20000000000000284,-0.14000000000000057
2019-12-12,27.09,27.72,28.02,26.95,9645300,0.4400000000000013,0.8599999999999994
2019-12-13,27.93,27.48,28.13,27.37,5965200,0.3099999999999987,-0.23999999999999844
2019-12-16,27.62,27.92,28.35,27.6,6997300,0.4499999999999993,0.4400000000000013
2019-12-17,27.97,28.28,28.48,27.86,5920300,0.3099999999999987,0.35999999999999943
2019-12-18,28.35,28.0,28.57,27.93,4633800,0.28999999999999915,-0.28000000000000114
2019-12-19,28.0,28.55,28.57,27.93,6295100,0.08999999999999986,0.5500000000000007
2019-12-20,28.67,29.04,29.05,28.49,12277100,0.19000000000000483,0.48999999999999844
2019-12-23,29.25,29.3,29.72,29.2,9291100,0.46999999999999886,0.26000000000000156
2019-12-24,29.32,29.18,29.43,29.1,2373600,0.18999999999999773,-0.120000000000001
2019-12-26,29.32,29.67,29.71,29.26,4746500,0.09999999999999787,0.490000000000002
2019-12-27,29.76,28.44,29.81,28.36,8416500,0.129999999999999,-1.2300000000000004
2019-12-30,28.5,28.3,28.53,28.07,4940300,0.26000000000000156,-0.14000000000000057
2019-12-31,28.2,28.68,28.79,28.19,4396800,0.11999999999999744,0.379999999999999
2020-01-02,28.98,29.09,29.3,28.65,6451100,0.5400000000000027,0.41000000000000014
2020-01-03,28.27,27.65,28.29,27.34,14008900,0.3299999999999983,-1.4400000000000013
2020-01-06,27.19,27.32,27.49,27.08,6105800,0.28000000000000114,-0.3299999999999983
2020-01-07,27.56,27.22,27.68,27.06,6105900,0.28000000000000114,-0.10000000000000142
2020-01-08,27.1,27.84,28.09,27.07,10496800,0.28000000000000114,0.620000000000001
2020-01-09,28.09,27.95,28.23,27.71,6898900,0.379999999999999,0.10999999999999943
2020-01-10,27.96,27.32,27.99,27.25,8106800,0.09999999999999787,-0.629999999999999
2020-01-13,27.32,27.39,27.53,27.16,5874400,0.3000000000000007,0.07000000000000028
2020-01-14,27.91,27.53,28.4,27.35,8888900,0.6699999999999982,0.14000000000000057
2020-01-15,27.45,27.58,28.06,27.32,5686000,0.6099999999999994,0.04999999999999716
2020-01-16,27.79,28.23,28.26,27.76,6442800,0.05999999999999872,0.6500000000000021
2020-01-17,28.3,28.4,28.72,28.06,7379400,0.5600000000000023,0.16999999999999815
2020-01-21,27.97,27.2,27.99,27.05,16409400,0.16999999999999815,-1.1999999999999993
2020-01-22,27.51,27.32,27.91,27.3,9852600,0.41999999999999815,0.120000000000001
2020-01-23,27.39,28.8,28.99,26.04,25611100,1.5399999999999991,1.4800000000000004
2020-01-24,28.85,27.64,28.86,27.01,18067800,0.639999999999997,-1.1600000000000001
2020-01-27,26.57,26.11,26.6,25.37,21573800,0.7699999999999996,-1.5300000000000011
2020-01-28,26.36,26.9,27.12,26.26,11939200,0.3200000000000003,0.7899999999999991
2020-01-29,26.88,26.8,27.49,26.74,9088700,0.6700000000000017,-0.09999999999999787
2020-01-30,26.3,27.72,27.79,26.26,10685500,0.10999999999999943,0.9199999999999982
2020-01-31,27.5,26.84,27.52,26.59,11027900,0.2699999999999996,-0.879999999999999
2020-02-03,26.93,27.16,27.67,26.74,7631900,0.7000000000000028,0.3200000000000003
2020-02-04,27.68,28.43,28.61,27.55,10832900,0.3099999999999987,1.2699999999999996
2020-02-05,28.96,29.1,29.24,28.55,8959700,0.5499999999999972,0.6700000000000017
2020-02-06,29.26,28.3,29.45,28.14,8335800,0.34999999999999787,-0.8000000000000007
2020-02-07,28.06,28.38,28.55,27.78,6231800,0.4499999999999993,0.0799999999999983
2020-02-10,28.19,28.79,28.81,27.98,15134300,0.23000000000000043,0.41000000000000014
2020-02-11,29.06,29.84,29.94,28.97,8977700,0.19000000000000128,1.0500000000000007
2020-02-12,30.0,30.47,30.78,29.99,9315400,0.32000000000000384,0.629999999999999
2020-02-13,30.03,30.09,30.4,29.73,9119400,0.6099999999999994,-0.379999999999999
2020-02-14,30.01,29.2,30.27,29.14,5524800,0.31999999999999673,-0.8900000000000006
2020-02-18,29.04,28.63,29.35,28.49,10485100,0.45000000000000284,-0.5700000000000003
2020-02-19,28.84,28.33,28.88,28.31,8400700,0.05999999999999872,-0.3000000000000007
2020-02-20,28.24,28.51,28.9,28.2,10093400,0.42999999999999616,0.18000000000000327
2020-02-21,28.12,27.82,28.3,27.17,11253600,0.8299999999999983,-0.6900000000000013
2020-02-24,25.98,25.45,26.11,25.0,21713200,0.5799999999999983,-2.370000000000001
2020-02-25,25.62,23.12,25.75,23.05,22296900,0.1999999999999993,-2.3299999999999983
2020-02-26,23.57,22.31,23.75,22.11,19610300,0.379999999999999,-0.8100000000000023
2020-02-27,20.85,20.6,22.48,19.77,31833600,2.460000000000001,-1.7099999999999973
2020-02-28,19.8,19.05,20.35,18.77,37166400,0.8300000000000018,-1.5500000000000007
2020-03-02,19.05,18.86,19.06,17.51,38738000,1.3599999999999959,-0.19000000000000128
2020-03-03,19.66,17.85,19.79,17.8,35402500,0.17999999999999972,-1.009999999999998
2020-03-04,18.36,18.53,18.55,17.3,44362100,1.0799999999999983,0.6799999999999997
2020-03-05,17.54,16.04,17.65,15.98,44656800,0.16999999999999815,-2.490000000000002
2020-03-06,15.02,15.97,17.12,14.8,54505000,1.3699999999999992,-0.06999999999999851
2020-03-09,14.87,14.75,15.79,14.46,42558000,1.209999999999999,-1.2200000000000006
2020-03-10,15.82,17.0,17.67,14.61,56972700,1.8800000000000026,2.25
2020-03-11,16.31,16.26,16.49,15.52,43705800,0.9200000000000017,-0.7399999999999984
2020-03-12,14.05,13.45,15.75,13.33,53968500,1.8199999999999985,-2.8100000000000023
2020-03-13,15.3,14.31,15.6,13.12,58376100,1.4900000000000002,0.8600000000000012
2020-03-16,12.41,15.92,16.2,12.0,84916800,0.6899999999999995,1.6099999999999994
2020-03-17,15.79,15.58,18.49,14.79,58055800,3.49,-0.33999999999999986
2020-03-18,14.24,11.65,14.28,10.17,78458800,1.5199999999999996,-3.9299999999999997
2020-03-19,11.6,10.29,12.16,10.01,71584500,0.8399999999999999,-1.3600000000000012
2020-03-20,10.65,10.38,12.0,10.3,62681800,1.4299999999999997,0.09000000000000163
2020-03-23,10.9,10.25,11.36,10.01,56427300,0.6999999999999993,-0.13000000000000078
2020-03-24,11.96,13.92,14.81,11.54,101553100,1.3100000000000023,3.67
2020-03-25,16.69,15.39,16.99,14.31,93795100,1.3799999999999972,1.4700000000000006
2020-03-26,16.06,15.66,17.24,15.16,77530600,1.6799999999999997,0.2699999999999996
2020-03-27,14.98,14.04,15.22,13.91,50783500,0.3699999999999992,-1.620000000000001
2020-03-30,13.2,12.25,13.22,11.81,50516800,0.46000000000000085,-1.7899999999999991
2020-03-31,12.9,12.19,12.96,12.1,44851400,0.15000000000000036,-0.0600000000000005
2020-04-01,11.45,10.69,11.48,10.5,56854400,0.22000000000000064,-1.5
2020-04-02,10.61,10.06,11.03,10.0,65534600,0.4800000000000004,-0.629999999999999
2020-04-03,10.34,9.39,10.49,9.09,87018900,0.45000000000000107,-0.6699999999999999
2020-04-06,9.72,9.5,9.94,9.11,94272300,0.6099999999999994,0.10999999999999943
2020-04-07,11.07,10.22,12.2,10.05,138061000,1.299999999999999,0.7200000000000006
2020-04-08,10.91,11.33,11.4,10.5,82718700,0.4800000000000004,1.1099999999999994
2020-04-09,12.64,12.51,13.4,11.82,117592800,1.4499999999999993,1.1799999999999997
2020-04-13,12.9,11.56,12.95,11.25,73385500,0.35999999999999943,-0.9499999999999993
2020-04-14,12.22,11.95,12.6,11.75,68039500,0.5799999999999983,0.3899999999999988
2020-04-15,12.52,12.29,12.69,11.39,124719900,1.0699999999999985,0.33999999999999986
2020-04-16,11.91,11.07,12.03,11.05,83627000,0.1399999999999988,-1.2199999999999989
2020-04-17,11.87,11.57,11.95,11.5,61279500,0.15000000000000036,0.5
2020-04-20,11.15,11.06,11.35,10.72,58984900,0.5399999999999991,-0.5099999999999998
2020-04-21,10.8,11.0,11.22,10.7,49882300,0.32000000000000206,-0.0600000000000005
2020-04-22,11.09,10.27,11.13,10.02,76320100,0.2900000000000009,-0.7300000000000004
2020-04-23,10.36,10.25,10.67,10.24,54598500,0.3200000000000003,-0.019999999999999574
2020-04-24,10.4,10.31,10.5,9.9,67234900,0.5099999999999998,0.0600000000000005
2020-04-27,10.53,10.02,10.53,10.0,67378800,0.019999999999999574,-0.2900000000000009
2020-04-28,10.29,11.26,11.63,10.21,114643000,0.4499999999999993,1.2400000000000002
2020-04-29,12.1,12.63,12.89,12.02,113669400,0.33999999999999986,1.370000000000001
2020-04-30,11.92,12.01,12.59,11.26,94567100,1.2400000000000002,-0.620000000000001
2020-05-01,11.41,10.64,11.66,10.58,99441400,0.3100000000000005,-1.3699999999999992
2020-05-04,9.41,9.82,10.17,9.15,125580000,0.6099999999999994,-0.8200000000000003
2020-05-05,10.26,9.51,10.38,9.5,86943900,0.13000000000000078,-0.3100000000000005
2020-05-06,9.58,9.25,9.73,9.09,68991000,0.3100000000000005,-0.2599999999999998
2020-05-07,9.3,9.54,9.8,9.29,61817000,0.2700000000000031,0.28999999999999915
2020-05-08,9.78,10.14,10.15,9.68,59649800,0.10999999999999943,0.6000000000000014
2020-05-11,9.92,10.1,10.25,9.59,48499000,0.4800000000000004,-0.040000000000000924
2020-05-12,10.01,9.65,10.2,9.6,46833100,0.2400000000000002,-0.4499999999999993
2020-05-13,9.52,9.11,9.53,8.83,68704600,0.28999999999999915,-0.5400000000000009
2020-05-14,8.77,9.15,9.19,8.25,72320500,0.5599999999999987,0.040000000000000924
2020-05-15,8.85,9.04,9.36,8.76,39560500,0.41000000000000014,-0.11000000000000121
2020-05-18,9.62,9.87,9.94,9.36,76624400,0.33000000000000007,0.8300000000000001
2020-05-19,10.14,9.64,10.19,9.59,62242500,0.09999999999999964,-0.22999999999999865
2020-05-20,9.91,9.87,10.14,9.77,44006700,0.33000000000000007,0.22999999999999865
2020-05-21,9.87,9.89,10.15,9.83,45785700,0.29999999999999893,0.02000000000000135
2020-05-22,10.02,9.7,10.12,9.63,37596800,0.16999999999999815,-0.19000000000000128
2020-05-26,10.27,11.14,11.28,10.25,101717000,0.15999999999999837,1.4400000000000013
2020-05-27,12.43,11.98,12.55,11.07,99314800,1.0300000000000011,0.8399999999999999
2020-05-28,11.78,10.98,11.83,10.9,70488800,0.13000000000000078,-1.0
2020-05-29,10.48,10.5,10.87,10.32,59054700,0.5299999999999994,-0.4800000000000004
2020-06-01,10.79,11.11,11.33,10.62,50313500,0.39000000000000057,0.6099999999999994
2020-06-02,11.4,11.22,11.64,10.97,49148600,0.4900000000000002,0.11000000000000121
2020-06-03,11.56,11.85,12.2,11.44,86685300,0.47000000000000064,0.629999999999999
2020-06-08,19.86,20.31,20.36,19.13,175418900,0.7800000000000011,8.459999999999999
2020-06-09,18.45,18.55,18.97,17.61,111234400,1.259999999999998,-1.759999999999998
2020-06-10,17.69,17.02,18.16,15.92,163952500,1.5699999999999985,-1.5300000000000011
2020-06-11,14.61,14.38,15.68,14.07,124220800,1.3800000000000008,-2.639999999999999
2020-06-12,16.82,16.74,17.31,15.67,160744900,1.559999999999997,2.3599999999999977
2020-06-15,15.27,16.7,17.17,15.08,122904100,0.6600000000000019,-0.03999999999999915
2020-06-16,18.36,17.03,18.44,16.55,127369700,0.5600000000000023,0.33000000000000185
2020-06-17,16.76,16.98,17.05,16.16,71397600,0.6700000000000017,-0.05000000000000071
2020-06-18,16.37,16.49,17.07,16.28,64265300,0.6700000000000017,-0.490000000000002
2020-06-19,16.89,16.0,16.94,15.42,92320200,0.6300000000000008,-0.48999999999999844
2020-06-22,14.9,14.92,15.52,14.72,118994500,0.7799999999999994,-1.08
2020-06-23,13.76,14.0,14.29,13.71,204022300,0.3399999999999981,-0.9199999999999999
2020-06-24,13.59,13.04,13.9,12.83,140975500,0.5199999999999996,-0.9600000000000009
2020-06-25,12.53,13.17,13.24,12.18,117383400,0.41999999999999993,0.13000000000000078
2020-06-26,13.2,12.38,13.29,12.13,108813000,0.33999999999999986,-0.7899999999999991
2020-06-29,12.57,13.32,13.51,12.02,115051100,0.7400000000000002,0.9399999999999995
2020-06-30,13.1,13.07,13.48,12.88,69607700,0.5700000000000003,-0.25
2020-07-01,13.48,12.81,14.29,12.63,116661700,0.9899999999999984,-0.2599999999999998
2020-07-02,13.35,12.5,13.42,12.42,86439500,0.15000000000000036,-0.3100000000000005
2020-07-06,12.8,12.8,12.92,12.21,79312900,0.7099999999999991,0.3000000000000007
2020-07-07,12.51,11.91,12.54,11.91,77998100,0.02999999999999936,-0.8900000000000006
2020-07-08,11.6,11.99,12.08,11.43,85034500,0.2599999999999998,0.08000000000000007
2020-07-09,11.94,11.18,11.94,11.15,77131200,0.02999999999999936,-0.8100000000000005
2020-07-10,11.0,11.94,11.95,10.98,90450800,0.02999999999999936,0.7599999999999998
2020-07-13,12.13,11.63,12.27,11.45,67580300,0.3200000000000003,-0.3099999999999987
2020-07-14,11.32,11.57,11.84,11.22,49888200,0.3699999999999992,-0.0600000000000005
2020-07-15,12.45,13.44,13.48,12.21,135444400,0.27999999999999936,1.8699999999999992
2020-07-16,12.8,12.45,13.07,12.29,81513985,0.4299999999999997,-0.9900000000000002
2020-07-17,12.48,11.91,12.6,11.89,67934123,0.1399999999999988,-0.5399999999999991
2020-07-20,11.93,11.47,12.51,11.35,64107531,0.7000000000000011,-0.4399999999999995
2020-07-21,11.57,11.47,11.79,11.28,64718988,0.41000000000000014,0.0
2020-07-22,11.38,11.36,11.67,11.3,42461298,0.34999999999999787,-0.11000000000000121
2020-07-23,11.27,11.77,12.41,11.01,115573486,0.9000000000000004,0.41000000000000014
2020-07-24,11.67,11.39,11.82,11.34,53761316,0.20000000000000107,-0.379999999999999
2020-07-27,11.48,11.39,11.79,11.18,69449791,0.5199999999999996,0.0
2020-07-28,11.37,11.77,12.0,11.36,62345355,0.2400000000000002,0.379999999999999
2020-07-29,11.8,11.4,11.92,11.3,52214156,0.21999999999999886,-0.3699999999999992
2020-07-30,11.22,11.18,11.39,11.12,40525120,0.23000000000000043,-0.22000000000000064
2020-07-31,11.16,11.12,11.25,10.8,51830922,0.40999999999999837,-0.0600000000000005
2020-08-03,11.07,11.08,11.24,10.71,48263693,0.5199999999999996,-0.03999999999999915
2020-08-04,11.21,11.47,11.88,11.16,54824447,0.46000000000000085,0.39000000000000057
2020-08-05,11.84,12.56,12.85,11.55,118702711,0.5799999999999983,1.0899999999999999
2020-08-06,13.04,13.04,13.29,12.47,131279218,0.8199999999999985,0.47999999999999865
2020-08-07,12.86,13.03,13.16,12.58,61699718,0.41000000000000014,-0.009999999999999787
2020-08-10,13.29,14.0,14.31,13.21,121073864,0.3899999999999988,0.9700000000000006
2020-08-11,15.02,13.73,15.1,13.55,127878462,0.2599999999999998,-0.2699999999999996
2020-08-12,14.03,13.54,14.06,13.1,77637704,0.47000000000000064,-0.19000000000000128
2020-08-13,13.19,13.3,13.9,13.11,47772265,0.6799999999999997,-0.23999999999999844
2020-08-14,13.11,13.33,13.56,13.01,45665661,0.33000000000000007,0.02999999999999936
2020-08-17,13.32,12.62,13.38,12.61,56183889,0.07000000000000028,-0.7100000000000009
2020-08-18,12.6,12.6,12.88,12.51,33321153,0.370000000000001,-0.019999999999999574
2020-08-19,12.65,12.68,13.44,12.58,59266528,0.8300000000000001,0.08000000000000007
2020-08-20,12.38,12.5,12.67,12.26,41956633,0.2900000000000009,-0.17999999999999972
2020-08-21,12.44,12.16,12.63,12.09,35822754,0.26000000000000156,-0.33999999999999986
2020-08-24,12.44,13.44,13.48,12.27,102685430,0.21000000000000085,1.2799999999999994
2020-08-25,13.69,13.14,14.02,12.77,79053155,0.7000000000000011,-0.29999999999999893
2020-08-26,13.11,12.79,13.15,12.7,44056800,0.13000000000000078,-0.3500000000000014
2020-08-27,13.43,13.28,14.26,13.12,108835702,0.9900000000000002,0.4900000000000002
2020-08-28,13.59,13.59,13.63,13.23,54515393,0.40000000000000036,0.3100000000000005
2020-08-31,13.6,13.05,13.74,13.05,45917160,0.14000000000000057,-0.5399999999999991
2020-09-01,12.86,13.1,13.84,12.66,72987504,0.9399999999999995,0.049999999999998934
2020-09-02,12.94,13.23,13.34,12.67,58889577,0.379999999999999,0.13000000000000078
2020-09-03,13.4,13.36,14.07,13.03,86383268,1.0,0.129999999999999
2020-09-04,13.65,13.61,13.82,12.96,64931877,0.8199999999999985,0.25
2020-09-08,13.36,13.63,14.16,13.15,72746017,0.7399999999999984,0.02000000000000135
2020-09-09,13.48,13.05,13.58,12.8,79029954,0.34999999999999964,-0.5800000000000001
2020-09-10,13.21,13.01,13.49,12.97,52313604,0.3199999999999985,-0.040000000000000924
2020-09-11,13.08,12.95,13.08,12.68,43910721,0.2699999999999996,-0.0600000000000005
2020-09-14,13.02,13.26,13.29,12.9,39859100,0.14999999999999858,0.3100000000000005
2020-09-15,13.27,13.14,13.66,13.08,38957929,0.45000000000000107,-0.11999999999999922
2020-09-16,13.21,13.8,13.96,12.98,75458868,0.39000000000000057,0.6600000000000001
2020-09-17,13.5,13.63,14.08,13.36,50194418,0.5899999999999999,-0.16999999999999993
2020-09-18,13.51,13.19,13.59,13.03,56403555,0.2400000000000002,-0.4400000000000013
2020-09-21,12.82,12.21,12.98,12.08,60604453,0.2900000000000009,-0.9799999999999986
2020-09-22,12.3,12.34,12.5,12.18,33013426,0.28000000000000114,0.129999999999999
2020-09-23,12.53,11.93,12.74,11.91,45292584,0.23000000000000043,-0.41000000000000014
2020-09-24,11.74,11.77,12.0,11.22,49163168,0.75,-0.16000000000000014
2020-09-25,11.76,12.29,12.31,11.71,43763989,0.07000000000000028,0.5199999999999996
2020-09-28,12.74,12.76,13.15,12.49,63558206,0.6400000000000006,0.47000000000000064
2020-09-29,12.59,12.25,12.66,12.11,47209575,0.21000000000000085,-0.5099999999999998
2020-09-30,12.32,12.29,12.92,12.22,65428134,0.6699999999999982,0.03999999999999915
2020-10-01,12.45,12.58,12.77,12.35,48841980,0.28999999999999915,0.2900000000000009
2020-10-02,12.05,13.0,13.35,12.0,111883279,0.40000000000000036,0.41999999999999993
2020-10-05,13.09,13.12,13.2,12.75,53465541,0.41999999999999993,0.11999999999999922
2020-10-06,13.28,12.53,13.44,12.46,85252374,0.22999999999999865,-0.5899999999999999
2020-10-07,12.98,13.07,13.18,12.81,61274196,0.27999999999999936,0.5400000000000009
2020-10-08,13.33,13.16,13.68,12.73,88851674,0.7799999999999994,0.08999999999999986
2020-10-09,13.25,13.2,13.49,12.95,65280957,0.4900000000000002,0.03999999999999915
2020-10-12,13.14,12.92,13.17,12.9,39852463,0.049999999999998934,-0.27999999999999936
2020-10-13,12.59,12.22,12.64,12.2,63175245,0.07000000000000206,-0.6999999999999993
2020-10-14,12.35,12.36,12.57,12.29,37518184,0.27000000000000135,0.1399999999999988
2020-10-15,12.22,12.23,12.3,11.97,33776119,0.3200000000000003,-0.129999999999999
2020-10-16,12.31,12.46,12.56,12.2,32717329,0.21000000000000085,0.23000000000000043
2020-10-19,12.64,12.56,12.87,12.45,50428887,0.33999999999999986,0.09999999999999964
2020-10-20,12.75,12.8,13.0,12.59,46617381,0.35999999999999943,0.2400000000000002
2020-10-21,12.69,12.75,12.87,12.55,37372789,0.259999999999998,-0.05000000000000071
2020-10-22,12.6,13.15,13.29,12.42,87006987,0.3199999999999985,0.40000000000000036
2020-10-23,13.07,12.6,13.08,12.42,89050722,0.1899999999999995,-0.5500000000000007
2020-10-26,12.39,11.8,12.45,11.67,83007894,0.1899999999999995,-0.7999999999999989
2020-10-27,11.77,11.23,11.79,11.2,63126738,0.05000000000000071,-0.5700000000000003
2020-10-28,10.89,10.95,11.16,10.63,59394309,0.47000000000000064,-0.28000000000000114
2020-10-29,10.96,11.16,11.29,10.89,42405960,0.1999999999999993,0.21000000000000085
2020-10-30,11.06,11.28,11.42,10.98,50456018,0.22000000000000064,0.11999999999999922
2020-11-02,11.32,11.19,11.34,10.87,39946024,0.33999999999999986,-0.08999999999999986
2020-11-03,11.34,11.25,11.45,11.15,40943594,0.20999999999999908,0.0600000000000005
2020-11-04,11.21,11.01,11.31,10.93,43329291,0.17999999999999972,-0.2400000000000002
2020-11-05,11.12,11.6,11.67,11.09,53669362,0.09999999999999964,0.5899999999999999
2020-11-06,11.44,11.46,11.51,11.28,35161508,0.20999999999999908,-0.1399999999999988
2020-11-09,14.33,13.2,14.41,12.75,198753014,0.5299999999999994,1.7399999999999984
2020-11-10,12.85,12.38,13.02,12.34,107493458,0.21000000000000085,-0.8199999999999985
2020-11-11,12.4,12.04,12.46,11.93,76410337,0.16999999999999993,-0.34000000000000163
2020-11-12,11.97,11.74,12.23,11.65,71626025,0.34999999999999964,-0.29999999999999893
2020-11-13,11.91,12.24,12.25,11.85,52647868,0.07000000000000028,0.5
2020-11-16,12.87,12.79,12.96,12.41,90850232,0.47000000000000064,0.5499999999999989
2020-11-17,12.48,12.7,12.81,12.23,58811763,0.3600000000000012,-0.08999999999999986
2020-11-18,12.91,12.74,13.36,12.73,93614145,0.4599999999999991,0.040000000000000924
2020-11-19,12.73,12.79,13.04,12.63,55124164,0.34999999999999964,0.049999999999998934
2020-11-20,12.8,12.53,12.91,12.46,54628381,0.17999999999999794,-0.2599999999999998
2020-11-23,12.75,13.56,13.58,12.69,93032756,0.08000000000000007,1.0300000000000011
2020-11-25,14.77,14.94,15.08,14.37,94743993,0.5400000000000009,1.379999999999999
2020-11-27,15.12,14.98,15.56,14.95,62463577,0.4700000000000024,0.040000000000000924
2020-11-30,14.92,14.13,14.96,13.93,92186609,0.240000000000002,-0.8499999999999996
2020-12-01,14.42,14.27,14.78,14.24,72526650,0.3899999999999988,0.1399999999999988
2020-12-02,14.16,14.86,14.86,13.85,71306685,0.3100000000000005,0.5899999999999999
2020-12-03,15.19,16.09,16.5,15.16,164640338,0.4399999999999995,1.2300000000000004
2020-12-04,16.4,16.4,16.93,16.12,107795587,0.8099999999999987,0.3099999999999987
2020-12-07,16.54,17.21,18.07,16.47,152630525,0.9299999999999997,0.8100000000000023
2020-12-08,17.47,17.63,17.92,17.16,91252193,0.6000000000000014,0.41999999999999815
2020-12-09,18.37,17.16,18.63,16.63,132409541,0.7899999999999991,-0.46999999999999886
2020-12-11,17.82,17.05,17.91,16.81,97861089,0.33000000000000185,-0.10999999999999943
2020-12-14,17.52,16.7,17.81,16.68,83257152,0.3099999999999987,-0.3500000000000014
2020-12-15,16.99,17.01,17.06,16.16,85459589,0.8799999999999955,0.3100000000000023
2020-12-16,16.88,16.86,17.04,16.58,55146876,0.4400000000000013,-0.15000000000000213
2020-12-17,16.95,16.8,16.99,16.65,46480268,0.19000000000000128,-0.05999999999999872
2020-12-18,16.74,16.51,16.74,16.29,65932330,0.22000000000000242,-0.28999999999999915
2020-12-21,15.77,16.1,16.24,15.56,77978291,0.3499999999999961,-0.41000000000000014
2020-12-22,16.34,15.48,16.38,15.45,70687644,0.07000000000000028,-0.620000000000001
2020-12-23,15.51,15.89,16.17,15.5,59351956,0.2900000000000009,0.41000000000000014
2020-12-24,16.04,15.66,16.04,15.53,29393443,0.13000000000000078,-0.23000000000000043
2020-12-28,15.97,16.06,16.46,15.91,56629125,0.46000000000000263,0.3999999999999986
2020-12-29,16.32,15.86,16.41,15.75,49187272,0.1999999999999993,-0.1999999999999993
2020-12-30,15.85,16.15,16.2,15.72,47919183,0.17999999999999972,0.28999999999999915
2020-12-31,16.08,15.77,16.09,15.63,56555621,0.15000000000000036,-0.379999999999999
