,TimeKey,Open,Close,High,Low,Volume
0,20170103,47.28,46.3,47.34,46.14,6737800
1,20170104,46.63,46.7,47.44,46.35,5859600
2,20170105,46.52,45.89,46.93,45.61,6825300
3,20170106,45.85,46.21,46.72,45.47,7260200
4,20170109,46.01,47.08,47.34,45.78,4739100
5,20170110,47.0,48.48,48.51,46.97,7483800
6,20170111,49.29,48.64,49.9,48.1,6925800
7,20170112,48.67,48.1,49.0,46.84,5447300
8,20170113,48.16,47.65,48.43,47.54,3541700
9,20170117,47.56,46.75,47.75,46.67,5350800
10,20170118,47.4,47.64,47.8,46.65,5176500
11,20170119,47.64,47.26,48.09,46.88,3729300
12,20170120,47.54,48.0,48.16,47.24,5611800
13,20170123,47.9,46.94,48.09,46.75,4284200
14,20170124,47.05,47.54,47.8,46.8,4926700
15,20170125,47.9,47.91,48.21,47.61,5075800
16,20170126,48.43,49.59,49.71,48.33,10332800
17,20170127,50.0,46.95,50.0,46.72,19411100
18,20170130,45.62,44.9,45.92,43.86,16786100
19,20170131,44.79,44.25,44.84,43.74,11719800
20,20170201,44.75,44.05,45.0,43.91,7955500
21,20170202,43.61,44.01,44.52,43.57,7607700
22,20170203,44.31,44.2,44.55,43.76,6357900
23,20170206,44.8,45.3,45.6,44.74,6496100
24,20170207,45.75,45.17,46.13,45.01,6120000
25,20170208,45.26,45.06,45.26,44.51,4329900
26,20170209,45.07,46.3,46.6,44.94,7089900
27,20170210,46.62,46.45,46.7,46.17,4040600
28,20170213,46.56,47.41,47.78,46.5,6158600
29,20170214,47.26,46.57,47.28,46.45,6271700
30,20170215,47.59,47.54,48.05,46.93,8394800
31,20170216,47.5,46.97,47.65,46.66,5681800
32,20170217,46.83,46.91,47.1,46.43,4581600
33,20170221,47.01,46.81,47.27,46.58,4672000
34,20170222,46.5,46.32,46.7,45.87,5799600
35,20170223,46.42,46.1,47.32,45.89,5247000
36,20170224,46.0,46.28,46.3,45.58,4489600
37,20170227,46.18,46.32,46.36,45.68,4130500
38,20170228,46.32,46.36,46.72,46.03,4935600
39,20170301,46.79,47.09,48.14,46.7,8278900
40,20170302,46.67,45.72,46.74,45.64,7590700
41,20170303,45.85,46.82,47.26,45.77,7256900
42,20170306,46.41,45.31,46.68,44.38,11336600
43,20170307,45.02,44.84,45.23,44.56,4565300
44,20170308,44.79,44.89,45.3,44.6,5520400
45,20170309,44.5,43.33,44.93,43.25,9330100
46,20170310,43.46,43.9,43.95,42.97,6842300
47,20170313,43.73,42.37,44.12,42.26,8882300
48,20170314,42.06,41.21,42.1,40.84,10208500
49,20170315,40.5,42.09,42.19,40.21,13986200
50,20170316,42.18,42.13,42.35,41.45,7058300
51,20170317,42.0,41.72,42.21,41.6,10185800
52,20170320,42.18,41.7,42.42,41.45,6229800
53,20170321,41.88,40.42,41.98,40.34,7938700
54,20170322,39.78,40.35,40.55,39.21,9943000
55,20170323,40.7,41.41,41.86,40.48,9516600
56,20170324,41.69,41.73,42.07,41.42,6596600
57,20170327,41.07,41.74,41.89,40.56,6050500
58,20170328,41.83,42.6,42.93,41.55,6185800
59,20170329,42.69,41.96,42.76,41.87,5331400
60,20170330,41.85,42.54,42.64,41.79,3681400
61,20170331,42.37,42.3,42.94,42.27,5427700
62,20170403,42.33,42.45,42.57,41.63,5764700
63,20170404,42.09,40.9,42.23,40.82,7254700
64,20170405,41.15,41.31,42.13,41.06,7012700
65,20170406,41.4,41.72,41.96,41.16,3627600
66,20170407,41.53,41.81,42.1,41.28,4137000
67,20170410,41.81,42.32,42.67,41.62,4650500
68,20170411,42.78,43.93,43.95,42.41,10269600
69,20170412,44.79,43.96,45.35,43.83,9991100
70,20170413,43.95,43.35,44.02,43.34,5504900
71,20170417,43.47,44.23,44.25,43.36,4563200
72,20170418,44.03,43.81,44.53,43.4,5808900
73,20170419,44.07,44.4,44.78,43.9,6573400
74,20170420,44.71,45.22,45.38,44.56,4956500
75,20170421,45.5,45.15,45.5,44.99,5536000
76,20170424,45.5,46.44,46.44,45.47,6335300
77,20170425,46.8,46.61,47.39,46.38,5960600
78,20170426,46.51,46.4,46.9,46.24,6027600
79,20170427,43.91,43.98,44.21,42.41,18988600
80,20170428,44.02,42.62,44.06,42.56,13358000
81,20170501,42.76,42.08,42.96,42.01,8591400
82,20170502,42.06,43.87,43.91,42.05,9402500
83,20170503,43.67,43.92,44.17,43.42,5144300
84,20170504,44.18,43.91,44.39,43.2,4476100
85,20170505,44.0,44.51,44.52,43.77,5462800
86,20170508,44.6,44.94,45.05,44.52,6190700
87,20170509,45.4,47.08,47.3,45.25,11116800
88,20170510,47.03,47.3,47.78,46.67,7379800
89,20170511,47.21,46.54,47.24,45.65,6086300
90,20170512,46.26,45.83,46.44,45.73,3888700
91,20170515,45.7,46.68,46.99,45.69,5534500
92,20170516,46.79,46.94,47.13,44.74,4627800
93,20170517,46.25,44.92,46.56,44.88,6906700
94,20170518,44.4,44.65,45.4,44.38,6626700
95,20170519,44.8,45.22,45.38,44.74,6736700
96,20170522,45.33,46.21,46.25,45.33,4428600
97,20170523,46.27,46.66,46.69,45.94,3008500
98,20170524,46.74,46.77,47.43,46.65,3885100
99,20170525,46.99,48.02,48.12,46.82,5441800
100,20170526,47.79,48.74,48.82,47.73,5979300
101,20170530,48.32,47.96,48.58,47.79,5512900
102,20170531,48.2,48.41,48.48,47.53,4486100
103,20170601,48.5,49.05,49.36,48.3,4421400
104,20170602,49.56,49.52,50.47,49.37,7708600
105,20170605,49.53,49.74,49.95,49.4,5466700
106,20170606,49.47,49.74,50.1,49.32,4473500
107,20170607,49.44,50.86,50.91,48.8,7078400
108,20170608,50.86,51.43,51.87,50.41,6544300
109,20170609,51.61,50.27,51.95,50.25,7204300
110,20170612,50.1,49.48,50.22,48.1,8597900
111,20170613,49.56,49.45,49.91,48.84,5153300
112,20170614,49.64,49.39,49.78,48.89,4027800
113,20170615,49.14,49.11,49.32,48.37,4579600
114,20170616,48.9,48.79,49.45,48.62,6622100
115,20170619,49.13,49.66,49.72,48.82,4104300
116,20170620,49.22,48.03,49.36,48.01,6035100
117,20170621,48.33,48.43,48.64,48.13,3469500
118,20170622,50.5,48.97,50.56,48.79,9792100
119,20170623,49.0,48.63,49.1,48.47,12682000
120,20170626,48.81,48.78,49.78,48.54,3992900
121,20170627,48.6,48.5,49.56,48.5,4264400
122,20170628,48.82,49.25,49.8,48.81,4259700
123,20170629,49.28,49.62,49.69,48.82,6170100
124,20170630,49.92,50.32,50.51,49.6,6618700
125,20170703,50.78,50.39,51.28,50.37,2906500
126,20170705,50.44,51.26,51.55,50.18,5157500
127,20170706,50.97,52.05,52.58,50.86,7021400
128,20170707,52.3,53.03,53.38,52.18,6597000
129,20170710,52.98,52.66,53.16,52.23,4600000
130,20170711,52.58,51.61,52.66,51.47,4545700
131,20170712,53.12,53.8,53.83,52.45,8348400
132,20170713,53.4,53.81,54.48,53.15,5346700
133,20170714,53.8,54.22,54.28,53.34,4537900
134,20170717,54.21,53.87,54.28,53.85,3727400
135,20170718,53.83,53.15,53.84,53.02,4101400
136,20170719,52.26,52.61,53.19,51.78,5774700
137,20170720,52.72,52.34,52.78,52.1,4836200
138,20170721,52.13,51.91,52.55,51.45,4544400
139,20170724,51.79,51.28,52.03,51.24,4876400
140,20170725,51.5,50.61,51.9,50.55,4484900
141,20170726,50.63,51.01,51.17,50.01,4776100
142,20170727,50.34,50.0,50.34,48.75,10260300
143,20170728,49.02,50.49,50.67,48.73,9153400
144,20170731,50.85,50.44,51.23,50.04,6062900
145,20170801,51.13,51.06,52.0,50.32,5045300
146,20170802,50.89,50.45,51.18,49.9,4679700
147,20170803,50.56,50.55,51.2,50.36,3231400
148,20170804,50.67,50.8,50.92,50.39,2993500
149,20170807,50.82,50.58,51.13,50.46,3016700
150,20170808,50.68,50.0,50.78,49.89,4274400
151,20170809,49.74,49.4,49.92,49.23,5020800
152,20170810,49.03,48.55,49.34,48.19,5441400
153,20170811,48.5,48.35,48.79,47.44,5610700
154,20170814,48.86,48.81,49.17,48.5,2996500
155,20170815,48.76,48.52,49.0,48.35,3149600
156,20170816,48.64,48.41,48.73,48.27,4187300
157,20170817,48.25,46.03,48.34,45.8,10304200
158,20170818,46.3,45.55,46.3,45.44,6242800
159,20170821,45.73,45.71,46.09,45.41,4353900
160,20170822,45.85,45.41,45.93,45.33,4019700
161,20170823,45.17,43.97,45.24,43.52,8159200
162,20170824,44.13,42.92,44.15,42.67,7057500
163,20170825,43.09,45.25,45.43,43.01,11738400
164,20170828,45.23,44.95,45.37,44.78,6969300
165,20170829,44.53,44.56,44.85,44.38,5195100
166,20170830,44.54,44.32,44.77,43.89,5472600
167,20170831,44.54,44.74,44.94,44.43,3799600
168,20170901,44.85,45.31,45.47,44.65,4569400
169,20170905,44.79,43.92,45.28,43.84,8501600
170,20170906,43.09,44.31,44.68,42.61,8796700
171,20170907,44.19,43.84,44.63,43.53,5095000
172,20170908,43.81,43.6,44.11,43.49,4684600
173,20170911,44.01,45.86,46.09,44.0,7921600
174,20170912,45.9,46.29,46.48,45.63,6325100
175,20170913,46.35,47.0,47.58,46.1,7288200
176,20170914,46.79,46.19,46.94,46.12,5360500
177,20170915,45.3,46.0,46.04,45.19,14846200
178,20170918,46.02,45.31,46.3,45.27,4601200
179,20170919,45.28,44.38,45.66,44.03,6884600
180,20170920,44.92,45.42,45.56,44.46,4708100
181,20170921,45.47,46.29,46.57,44.99,5864400
182,20170922,46.57,47.06,47.46,46.35,5342000
183,20170925,46.98,47.7,47.96,46.89,6363200
184,20170926,47.84,47.58,48.26,47.23,4706000
185,20170927,47.1,46.85,48.1,46.63,6183200
186,20170928,46.78,47.49,48.6,46.78,8367800
187,20170929,47.49,47.49,47.85,47.23,4904300
188,20171002,47.52,47.73,47.93,47.22,4911700
189,20171003,47.66,50.51,50.59,47.63,10261800
190,20171004,50.5,50.73,51.67,50.49,7454500
191,20171005,50.85,50.56,50.99,50.26,4212300
192,20171006,50.7,51.3,51.59,50.65,4240500
193,20171009,51.23,50.6,51.48,50.4,3691500
194,20171010,52.0,53.03,53.25,51.98,9387100
195,20171011,53.1,52.83,53.74,52.33,5396800
196,20171012,52.72,52.65,52.83,52.34,2942800
197,20171013,52.67,52.7,52.86,52.26,2960300
198,20171016,52.52,52.27,52.68,51.93,3262300
199,20171017,52.72,52.07,52.82,51.87,3651200
200,20171018,52.11,52.03,52.44,51.86,2542400
201,20171019,51.57,51.51,51.83,49.63,7568200
202,20171020,51.56,51.93,52.24,51.53,3643400
203,20171023,51.92,50.98,51.95,50.87,3456500
204,20171024,51.02,51.95,52.1,50.55,3654900
205,20171025,51.78,51.02,51.78,50.61,4658300
206,20171026,52.0,48.61,53.19,48.32,12079000
207,20171027,48.41,47.56,48.89,47.33,8591500
208,20171030,47.65,47.25,47.67,46.83,5402500
209,20171031,47.22,46.82,47.6,46.79,4596600
210,20171101,48.0,47.84,48.2,47.37,4354500
211,20171102,47.79,47.36,47.93,47.09,2410700
212,20171103,47.36,47.45,47.61,46.8,4037100
213,20171106,47.46,47.51,48.1,47.28,4249500
214,20171107,47.51,46.46,47.54,46.4,3756400
215,20171108,46.42,46.37,46.98,45.84,3198800
216,20171109,45.85,45.77,46.35,45.36,3561500
217,20171110,45.64,45.82,46.12,45.56,2433000
218,20171113,45.63,45.74,45.86,45.33,1772400
219,20171114,45.3,45.81,45.97,45.27,1827100
220,20171115,45.71,47.19,47.31,45.45,5223100
221,20171116,47.26,47.68,48.06,47.24,4461400
222,20171117,47.6,47.39,47.75,47.19,2324800
223,20171120,47.33,47.69,47.88,47.12,2436000
224,20171121,47.89,48.65,48.92,47.54,2796200
225,20171122,48.58,48.66,48.97,48.27,2326900
226,20171124,48.66,48.56,48.76,48.35,1352400
227,20171127,48.61,48.42,48.83,48.3,2630800
228,20171128,48.44,49.22,49.42,48.2,3864100
229,20171129,49.38,49.25,51.16,48.66,8154200
230,20171130,49.76,50.49,51.11,49.3,6016200
231,20171201,49.67,49.0,50.38,48.69,6229600
232,20171204,50.1,49.93,51.47,49.65,7113800
233,20171205,49.85,49.47,50.0,49.21,3594000
234,20171206,49.39,49.61,49.81,49.19,2835500
235,20171207,49.53,50.88,50.92,49.3,3047000
236,20171208,51.23,51.02,51.79,50.93,3817900
237,20171211,50.78,51.3,51.59,50.76,2835600
238,20171212,51.27,50.47,51.53,50.38,2798200
239,20171213,50.58,50.09,50.75,49.85,3035200
240,20171214,50.59,50.21,51.36,50.08,4503100
241,20171215,50.67,51.06,51.5,50.4,9074200
242,20171218,51.25,51.49,51.66,51.25,3235900
243,20171219,51.6,51.44,51.81,51.28,3019800
244,20171220,51.57,51.92,52.1,51.17,5172800
245,20171221,52.16,52.79,53.47,52.07,7125900
246,20171222,52.72,52.59,52.88,52.42,2425100
247,20171226,52.35,52.85,53.22,52.33,2774000
248,20171227,52.8,52.4,52.88,52.06,2831400
249,20171228,52.45,52.46,52.63,52.22,1845300
250,20171229,52.42,52.03,52.82,52.01,2696300
251,20180102,52.33,52.99,53.1,51.9,4084700
252,20180103,52.86,52.34,52.86,52.06,5074900
253,20180104,52.48,52.67,54.4,52.27,3557100
254,20180105,52.78,52.65,52.84,52.43,2967800
255,20180108,52.6,52.13,52.64,51.93,3515800
256,20180109,52.97,52.08,53.37,52.01,3426000
257,20180110,53.23,53.78,54.02,52.88,7655800
258,20180111,54.49,56.42,57.0,54.18,11339900
259,20180112,56.56,58.47,58.73,56.56,7505800
260,20180116,58.79,57.98,59.08,57.53,5283900
261,20180117,58.31,58.16,58.58,57.8,3148900
262,20180118,58.0,58.34,58.71,57.56,3969100
263,20180119,58.59,58.06,58.59,57.76,3151200
264,20180122,57.99,58.1,58.34,57.53,3553900
265,20180123,57.74,58.29,58.46,57.4,3337000
266,20180124,54.35,54.79,55.46,53.45,16348500
267,20180125,54.0,53.05,54.55,52.21,10223100
268,20180126,53.65,53.07,53.9,52.34,7066100
269,20180129,52.79,52.68,53.16,52.59,5953700
270,20180130,52.45,52.59,53.05,52.36,4741800
271,20180131,53.08,54.32,54.71,53.0,5962900
272,20180201,54.0,53.88,54.64,53.59,3623100
273,20180202,53.49,52.1,53.99,52.03,5109400
274,20180205,51.23,49.76,52.39,49.75,6878300
275,20180206,49.32,51.18,51.5,48.79,6782500
276,20180207,50.91,51.4,51.98,50.89,4845800
277,20180208,51.44,48.6,51.46,48.51,5995100
278,20180209,49.7,48.36,49.73,46.33,6837800
279,20180212,48.79,50.09,50.51,48.65,5437800
280,20180213,49.7,50.87,50.92,49.64,3758000
281,20180214,50.24,51.07,51.56,50.11,4983200
282,20180215,51.45,51.67,51.88,50.94,3140800
283,20180216,51.8,51.58,52.21,51.53,3891300
284,20180220,51.23,51.72,52.23,51.1,3379700
285,20180221,51.96,52.78,53.86,51.83,5396700
286,20180222,53.24,52.98,53.41,52.7,4356700
287,20180223,53.3,53.39,53.48,52.72,3394700
288,20180226,53.99,55.0,55.13,53.92,4962100
289,20180227,54.89,54.26,55.6,54.24,4878400
290,20180228,54.41,54.25,54.6,53.64,4343800
291,20180301,54.14,53.48,55.31,53.3,5895600
292,20180302,52.9,53.18,53.42,51.87,4918200
293,20180305,52.9,53.19,53.69,52.69,3974800
294,20180306,53.34,53.57,54.02,52.9,4273800
295,20180307,53.12,54.11,54.17,53.04,3216900
296,20180308,54.33,54.79,55.69,54.28,4189500
297,20180309,55.05,56.07,56.08,54.65,3468900
298,20180312,56.26,56.5,56.97,55.63,3256400
299,20180313,56.86,56.23,57.44,56.03,4361800
300,20180314,56.57,55.28,57.21,55.16,4267000
301,20180315,55.35,55.17,55.56,54.93,2980500
302,20180316,55.31,55.4,56.41,55.27,4574400
303,20180319,55.33,54.62,55.69,54.19,3834300
304,20180320,54.93,55.32,55.7,54.67,2555600
305,20180321,54.21,54.09,54.61,53.17,4811600
306,20180322,53.58,52.31,54.18,52.29,4871300
307,20180323,52.63,51.01,53.1,50.99,3966000
308,20180326,51.94,51.86,52.04,50.64,3210500
309,20180327,52.3,50.9,52.35,50.55,2940700
310,20180328,50.9,50.85,51.26,50.05,4177500
311,20180329,51.3,51.96,52.43,51.03,3074100
312,20180402,51.77,49.78,51.95,48.96,4185800
313,20180403,50.23,51.47,51.55,49.57,3863300
314,20180404,50.6,52.04,52.1,50.51,3955000
315,20180405,52.5,52.14,53.08,51.83,3060900
316,20180406,51.71,50.29,51.96,49.81,4302600
317,20180409,50.5,49.82,50.86,49.74,4330100
318,20180410,50.52,47.46,50.57,47.21,12805000
319,20180411,47.15,45.4,47.46,45.37,10151100
320,20180412,46.03,46.57,46.8,45.51,7040400
321,20180413,46.75,45.87,47.05,45.75,5226300
322,20180416,46.13,46.4,46.94,45.81,4516300
323,20180417,46.75,45.75,47.03,45.62,6961100
324,20180418,46.5,47.76,48.38,46.05,9170700
325,20180419,47.53,46.88,47.77,46.41,5759300
326,20180420,46.91,46.78,47.24,46.44,5344700
327,20180423,46.85,46.68,47.19,46.12,4221700
328,20180424,46.72,45.69,47.17,45.11,3954300
329,20180425,45.67,45.25,45.93,43.89,7847600
330,20180426,43.49,42.37,43.8,40.65,20517300
331,20180427,42.55,43.4,43.48,42.33,6955200
332,20180430,43.5,42.93,43.81,42.76,6472900
333,20180501,42.86,43.36,43.46,42.56,5341200
334,20180502,43.23,42.24,43.41,42.19,6314400
335,20180503,42.25,42.11,42.49,41.54,4700500
336,20180504,41.75,42.86,43.45,41.75,5540900
337,20180507,42.92,42.44,43.23,42.12,5331000
338,20180508,42.33,43.0,44.01,42.33,7766600
339,20180509,42.93,41.5,43.16,41.47,8273700
340,20180510,41.51,42.04,42.46,41.51,7931600
341,20180511,42.08,42.6,42.66,42.02,6066700
342,20180514,42.75,42.46,43.09,42.2,4201600
343,20180515,42.02,43.19,43.4,41.6,6909600
344,20180516,43.13,44.06,44.91,43.04,7493600
345,20180517,43.9,43.63,44.51,43.49,5334100
346,20180518,43.56,43.38,43.76,43.04,4216100
347,20180521,43.74,44.28,44.79,43.63,4930200
348,20180522,44.5,42.88,45.04,42.83,6892400
349,20180523,42.64,42.8,42.87,42.27,3915900
350,20180524,42.94,43.56,43.89,42.76,3855300
351,20180525,43.82,44.91,45.82,43.8,6517300
352,20180529,44.6,43.59,45.15,43.22,4531800
353,20180530,43.68,43.3,43.83,42.66,5457900
354,20180531,43.4,43.54,44.71,42.97,8540100
355,20180601,44.05,44.0,44.09,43.35,5472300
356,20180604,44.04,44.86,45.01,43.96,5685200
357,20180605,44.78,44.18,45.02,43.81,4975300
358,20180606,43.45,44.19,44.23,42.88,6502500
359,20180607,44.28,43.84,44.48,43.45,3729000
360,20180608,43.96,43.11,43.97,42.96,6273000
361,20180611,43.25,44.16,44.93,43.25,6440700
362,20180612,44.23,43.41,44.3,43.09,5204600
363,20180613,43.39,42.92,43.69,42.83,5989000
364,20180614,43.06,43.08,43.49,42.8,4019300
365,20180615,43.06,42.77,43.11,42.32,7032000
366,20180618,42.63,42.44,42.68,41.94,5372100
367,20180619,42.03,41.51,42.21,41.09,5575300
368,20180620,41.65,42.03,42.34,41.35,4930600
369,20180621,42.03,41.49,42.5,41.37,5025300
370,20180622,41.46,41.35,42.41,41.02,9115100
371,20180625,41.09,39.68,41.27,39.29,7126400
372,20180626,39.87,39.09,39.96,38.99,6037400
373,20180627,39.09,38.26,39.18,38.25,7391600
374,20180628,38.33,38.2,38.53,37.06,7909700
375,20180629,38.25,37.96,38.75,37.82,6032100
376,20180702,37.74,38.36,38.4,37.44,3363500
377,20180703,37.64,37.75,38.33,36.76,5645300
378,20180705,37.85,37.99,38.18,37.52,6181500
379,20180706,38.19,38.09,38.39,37.76,3695000
380,20180709,38.21,39.31,39.41,38.07,4530400
381,20180710,39.38,39.12,39.4,38.5,4910000
382,20180711,38.31,35.96,38.34,35.9,24894200
383,20180712,36.4,36.33,36.77,35.64,12226300
384,20180713,36.31,37.12,37.26,36.14,10829800
385,20180716,37.26,37.28,37.58,36.93,5358400
386,20180717,37.1,37.38,38.05,37.08,6274400
387,20180718,38.0,38.37,39.2,38.0,10297400
388,20180719,38.32,38.13,38.38,37.55,4985200
389,20180720,37.96,37.88,38.38,37.81,5302700
390,20180723,37.65,38.04,38.22,37.36,4697300
391,20180724,38.19,37.45,38.39,37.04,6415100
392,20180725,37.32,38.19,38.34,37.32,7336300
393,20180726,37.85,40.02,40.45,37.6,12832300
394,20180727,39.93,39.69,40.86,39.51,8445100
395,20180730,39.88,38.97,40.29,38.93,5746200
396,20180731,39.26,39.54,39.87,39.14,5761100
397,20180801,39.38,38.14,39.47,37.69,7080700
398,20180802,37.86,37.93,38.12,37.35,5920700
399,20180803,38.06,38.42,38.62,38.05,3975100
400,20180806,38.26,38.41,38.49,37.87,3339900
401,20180807,38.65,38.26,38.74,38.19,6427100
402,20180808,38.41,38.38,38.86,38.22,3886500
403,20180809,38.55,37.92,38.74,37.89,3699400
404,20180810,37.75,37.26,37.79,36.45,7481700
405,20180813,37.29,36.79,37.33,36.68,4051800
406,20180814,36.84,37.09,37.56,36.83,3873000
407,20180815,36.96,37.44,37.51,36.42,5599200
408,20180816,37.75,38.16,38.46,37.44,5876500
409,20180817,37.99,37.79,38.21,37.72,6364900
410,20180820,38.04,39.99,40.1,37.99,9628900
411,20180821,39.98,40.33,40.71,39.84,6491800
412,20180822,40.08,39.19,40.19,39.14,5593100
413,20180823,39.19,38.83,39.39,38.72,3931900
414,20180824,38.9,38.82,39.15,38.53,3561700
415,20180827,39.02,39.52,39.82,39.02,11236000
416,20180828,39.67,40.69,40.7,39.6,7373500
417,20180829,40.66,40.5,41.04,40.25,4475100
418,20180830,40.36,40.4,40.84,40.15,4330100
419,20180831,40.25,40.48,40.55,40.18,3464000
420,20180904,40.32,40.77,41.34,40.32,7123200
421,20180905,40.81,39.67,41.37,38.88,9738800
422,20180906,39.48,38.48,39.69,38.25,6917300
423,20180907,38.31,38.43,39.27,38.15,4875700
424,20180910,38.66,39.43,39.49,38.49,3901000
425,20180911,39.33,40.18,40.31,39.07,5863600
426,20180912,40.26,39.26,40.4,39.23,6103400
427,20180913,39.49,39.48,40.06,39.42,4268900
428,20180914,39.54,39.74,39.97,39.32,2905100
429,20180917,39.7,40.32,40.55,39.7,5072800
430,20180918,40.36,40.79,40.86,39.65,5548300
431,20180919,40.79,41.6,41.77,40.7,7413600
432,20180920,41.82,41.89,42.17,41.19,6865600
433,20180921,42.04,43.6,43.89,41.99,10743100
434,20180924,43.27,41.98,43.3,41.85,7105100
435,20180925,42.0,40.81,42.19,40.27,6744200
436,20180926,40.84,41.04,41.48,40.78,4623700
437,20180927,41.23,41.5,42.2,41.15,5654600
438,20180928,41.37,41.33,41.96,40.7,5030600
439,20181001,41.41,39.61,41.75,39.6,7210700
440,20181002,39.6,38.5,39.6,38.4,7625000
441,20181003,38.7,38.8,39.26,38.42,6370300
442,20181004,38.8,37.92,39.01,37.48,5916500
443,20181005,37.93,36.44,38.13,36.21,9127000
444,20181008,36.44,35.9,36.85,35.6,7879300
445,20181009,36.3,33.55,36.39,33.41,19662600
446,20181010,33.33,31.61,33.4,31.59,20539000
447,20181011,32.3,31.27,32.75,30.75,17115800
448,20181012,31.97,30.91,32.13,30.81,12905200
449,20181015,31.0,31.78,32.24,30.82,11092500
450,20181016,32.06,33.28,33.44,31.98,11339200
451,20181017,34.45,33.57,35.4,33.53,15068600
452,20181018,33.58,32.06,33.76,31.87,12778300
453,20181019,32.09,32.04,32.65,31.81,10445200
454,20181022,32.27,32.16,32.52,31.82,7572100
455,20181023,31.53,32.38,32.44,30.6,12468300
456,20181024,32.48,30.34,32.75,30.24,15348200
457,20181025,31.19,32.37,33.33,31.12,18375200
458,20181026,31.4,32.46,33.01,31.3,11438600
459,20181029,33.14,32.6,33.99,31.95,9405500
460,20181030,32.44,34.66,34.78,32.33,13067600
461,20181031,35.16,35.08,35.9,34.81,11132800
462,20181101,35.3,36.37,36.47,35.07,9643200
463,20181102,36.59,36.33,37.46,35.64,10039100
464,20181105,36.35,35.72,36.52,35.13,11305300
465,20181106,35.6,35.17,35.96,34.84,11376700
466,20181107,35.57,36.97,37.39,35.48,10904000
467,20181108,36.77,36.86,37.05,35.97,6884800
468,20181109,36.7,36.22,37.26,36.03,6794400
469,20181112,36.31,36.86,37.3,35.78,9360800
470,20181113,37.15,37.78,38.42,37.1,9694100
471,20181114,38.0,38.11,38.59,37.45,7288400
472,20181115,37.87,37.82,38.16,36.31,8296700
473,20181116,37.4,36.75,37.53,36.5,10645700
474,20181119,36.76,35.82,37.08,35.31,9421000
475,20181120,35.05,35.59,36.39,34.86,7059600
476,20181121,36.09,36.31,37.51,35.97,8701500
477,20181123,36.66,37.95,38.27,36.66,6121300
478,20181126,38.3,38.1,38.62,37.7,9203100
479,20181127,38.21,38.29,38.77,37.81,8143000
480,20181128,38.59,38.94,38.97,37.78,6673800
481,20181129,38.8,38.42,39.34,38.4,5178100
482,20181130,38.42,40.16,40.2,38.42,10015700
483,20181203,40.57,39.65,40.58,39.14,6578000
484,20181204,38.82,36.69,39.21,36.67,12315100
485,20181206,36.0,36.94,37.1,35.79,9378900
486,20181207,36.58,33.57,36.6,33.38,14380100
487,20181210,33.67,33.84,34.17,32.61,8569100
488,20181211,34.36,34.1,34.81,33.61,8055400
489,20181212,34.55,34.35,34.79,34.09,7630500
490,20181213,34.3,32.46,34.69,32.38,10279700
491,20181214,32.27,32.41,33.27,32.08,8558600
492,20181217,32.3,32.04,32.86,31.7,7638100
493,20181218,32.47,33.54,33.65,32.47,9117600
494,20181219,33.46,32.42,33.98,32.23,8120500
495,20181220,32.34,31.89,32.68,30.95,9439600
496,20181221,31.95,30.78,32.65,30.65,11800600
497,20181224,30.51,29.72,30.92,29.67,5902000
498,20181226,30.12,32.29,32.33,29.59,8621300
499,20181227,31.71,32.04,32.05,30.87,7751300
500,20181228,32.17,31.83,32.6,31.51,6379400
501,20181231,32.09,32.11,32.62,31.68,5334700
502,20190102,31.46,32.48,32.65,31.05,5229500
503,20190103,31.69,30.06,31.85,28.81,16822000
504,20190104,30.44,32.04,32.09,30.4,9369600
505,20190107,31.99,32.95,33.48,31.24,8010700
506,20190108,33.36,32.42,33.65,32.2,7107700
507,20190109,32.42,33.42,33.55,32.3,6179400
508,20190110,30.62,32.04,32.21,29.78,19726300
509,20190111,31.8,31.8,31.99,31.1,6900100
510,20190114,31.4,31.71,31.93,30.7,5878500
511,20190115,31.88,32.1,32.86,31.63,7643100
512,20190116,32.82,32.84,33.67,32.74,9141600
513,20190117,32.75,33.58,33.89,32.63,5917500
514,20190118,33.84,33.97,34.04,33.15,5817700
515,20190122,33.76,32.74,33.88,32.45,14598200
516,20190123,32.93,31.65,33.1,31.39,14317900
517,20190124,34.26,33.66,34.35,32.83,15531100
518,20190125,33.94,34.98,35.5,33.76,15811300
519,20190128,34.53,36.57,36.62,34.5,14843500
520,20190129,36.76,36.29,37.08,36.07,8744300
521,20190130,36.43,36.34,36.68,36.17,7435600
522,20190131,36.31,35.77,36.55,35.55,7706600
523,20190201,35.77,36.11,36.59,35.77,6611900
524,20190204,36.16,36.78,36.81,36.12,9089300
525,20190205,36.81,36.93,37.23,36.7,6003200
526,20190206,36.8,36.76,37.09,36.61,5802800
527,20190207,36.46,36.17,36.7,35.94,5857300
528,20190208,35.8,36.0,36.23,35.39,4973300
529,20190211,36.08,36.59,36.72,36.08,4932600
530,20190212,36.76,35.75,37.17,35.67,6883200
531,20190213,35.83,36.21,36.46,35.81,5837900
532,20190214,35.91,36.11,36.53,35.67,4070000
533,20190215,36.24,35.05,36.34,34.96,11471900
534,20190219,35.03,35.47,35.9,35.0,6436100
535,20190220,35.0,35.06,35.24,34.77,6969900
536,20190221,34.98,34.98,35.51,34.83,5900700
537,20190222,35.0,35.49,35.55,35.0,5393300
538,20190225,35.75,35.9,36.38,35.67,10905900
539,20190226,35.9,36.25,36.73,35.75,7565000
540,20190227,36.11,35.69,36.33,35.27,5874900
541,20190228,35.63,35.63,35.89,35.17,7873800
542,20190301,35.58,34.64,35.96,34.37,8654000
543,20190304,34.76,33.72,34.89,33.5,6998100
544,20190305,34.03,33.23,34.38,33.17,7405700
545,20190306,33.22,32.76,33.42,32.52,6420800
546,20190307,32.7,32.22,32.7,31.62,7112400
547,20190308,31.9,31.91,32.12,31.37,6200500
548,20190311,31.64,32.05,32.27,31.57,8944000
549,20190312,32.19,30.92,32.19,30.88,10887500
550,20190313,31.22,31.84,31.93,31.0,11092900
551,20190314,31.96,32.13,32.47,31.88,6454500
552,20190315,32.28,31.43,32.35,31.42,9645100
553,20190318,31.5,31.38,31.58,31.03,6832700
554,20190319,31.5,31.59,32.12,31.38,6824500
555,20190320,31.5,30.96,31.55,30.77,6250200
556,20190321,30.89,31.45,31.77,30.79,5725100
557,20190322,31.32,30.57,31.44,30.53,7488900
558,20190325,30.53,30.21,30.72,30.16,5172000
559,20190326,30.51,30.21,30.62,29.97,4583400
560,20190327,30.27,30.94,31.2,30.15,6406900
561,20190328,31.01,30.9,31.37,30.44,6687200
562,20190329,31.14,31.76,31.89,30.84,6980800
563,20190401,31.98,32.35,32.73,31.7,7438200
564,20190402,33.04,32.99,33.47,32.46,10406100
565,20190403,33.22,33.71,33.99,33.21,10047400
566,20190404,33.96,33.93,34.12,33.35,6192300
567,20190405,33.97,34.06,34.4,33.88,5164700
568,20190408,33.64,33.88,33.95,33.44,6219800
569,20190409,33.37,33.31,33.52,32.6,8119100
570,20190410,33.76,34.02,34.13,33.09,7159500
571,20190411,33.99,34.81,34.97,33.91,7352400
572,20190412,34.99,34.69,35.24,34.5,4610500
573,20190415,34.65,33.75,35.24,33.68,6390600
574,20190416,33.96,34.03,34.09,33.59,4498400
575,20190417,34.45,34.38,34.72,34.1,3772100
576,20190418,34.43,34.37,34.62,33.9,3318200
577,20190422,34.1,33.48,34.2,33.42,3884200
578,20190423,33.43,33.97,34.18,33.42,3329800
579,20190424,33.92,33.99,34.49,33.9,3739800
580,20190425,34.05,33.41,34.25,33.13,6156500
581,20190426,32.15,33.06,33.92,32.1,9623100
582,20190429,33.51,33.77,33.99,33.31,5558200
583,20190430,33.78,34.18,34.39,33.55,5719600
584,20190501,34.3,33.91,34.59,33.88,4466600
585,20190502,33.96,33.95,34.85,33.84,5320300
586,20190503,34.21,34.79,34.9,34.15,5181400
587,20190506,34.25,34.75,34.77,33.72,4156800
588,20190507,34.25,33.91,34.33,33.41,6957800
589,20190508,33.7,33.75,34.38,33.56,4374100
590,20190509,33.39,33.95,34.02,33.06,4500100
591,20190510,33.72,33.99,34.19,32.94,4949800
592,20190513,33.16,32.14,33.2,31.98,7040900
593,20190514,32.19,32.34,32.65,32.01,5503900
594,20190515,32.03,32.16,32.42,31.55,4518600
595,20190516,32.2,32.32,32.9,32.02,4739700
596,20190517,32.03,31.74,32.36,31.69,4751600
597,20190520,30.65,30.96,31.22,30.22,7576200
598,20190521,31.21,31.3,31.64,31.13,4986900
599,20190522,31.23,29.92,31.23,29.81,10258700
600,20190523,29.73,29.5,29.98,29.31,11324600
601,20190524,29.69,29.17,29.94,28.98,5764000
602,20190528,29.26,28.73,29.32,28.5,8362800
603,20190529,28.51,28.41,28.55,27.92,6248100
604,20190530,28.5,28.17,28.75,27.99,4734100
605,20190531,27.8,27.23,27.92,27.11,7441400
606,20190603,27.12,27.2,27.81,27.02,6796300
607,20190604,27.63,29.12,29.31,27.5,10218500
608,20190605,29.76,30.36,30.45,29.46,8713700
609,20190606,30.4,30.38,30.51,29.88,5507600
610,20190607,30.59,30.92,31.15,30.43,4843600
611,20190610,31.15,30.76,31.72,30.72,5449400
612,20190611,31.1,30.58,31.29,30.51,3461800
613,20190612,30.56,31.1,31.13,30.45,5144200
614,20190613,31.69,33.09,33.32,31.41,10856500
615,20190614,32.97,32.68,33.2,32.22,6128000
616,20190617,32.1,32.56,32.92,32.1,3420700
617,20190618,32.78,32.52,33.3,32.42,3789300
618,20190619,32.72,33.21,33.3,32.51,5535500
619,20190620,33.66,32.15,33.81,31.9,8969200
620,20190621,32.03,31.57,32.39,31.51,7481800
621,20190624,31.57,31.82,31.89,31.31,8425700
622,20190625,31.83,31.26,32.11,31.24,6523600
623,20190626,31.48,31.46,31.72,31.07,4089700
624,20190627,31.56,32.15,32.55,31.42,4274500
625,20190628,32.23,32.61,32.73,32.16,5238500
626,20190701,33.14,32.88,33.66,32.53,8985600
627,20190702,33.09,32.19,33.21,32.03,4765100
628,20190703,32.4,32.72,32.85,32.35,2747700
629,20190705,32.54,32.46,32.83,31.95,2583900
630,20190708,31.99,32.79,32.92,31.98,5328800
631,20190709,32.4,32.36,32.75,31.93,5450600
632,20190710,32.93,32.94,33.69,32.59,8869700
633,20190711,33.06,33.03,33.3,32.82,6842900
634,20190712,33.12,33.78,33.9,33.0,5012200
635,20190715,33.67,33.61,33.95,33.42,3483600
636,20190716,33.7,34.22,34.67,33.7,6353600
637,20190717,34.34,33.26,34.42,33.11,5881900
638,20190718,33.41,33.74,33.82,33.11,3049300
639,20190719,33.82,33.08,34.02,33.06,4249000
640,20190722,33.22,32.9,33.42,32.85,4005600
641,20190723,33.02,33.73,33.79,32.57,4524100
642,20190724,33.62,34.59,34.99,33.62,7315300
643,20190725,34.55,31.67,34.82,31.58,13152300
644,20190726,32.0,31.24,32.25,31.16,7875200
645,20190729,30.97,30.74,31.19,30.54,6963900
646,20190730,30.45,30.71,30.81,30.21,5290200
647,20190731,30.68,30.51,31.14,30.27,6269400
648,20190801,30.43,29.84,30.57,29.43,8013000
649,20190802,29.7,29.45,29.81,29.07,6475900
650,20190805,28.97,28.53,28.97,28.0,8948900
651,20190806,28.85,28.36,29.06,28.02,6010100
652,20190807,28.0,28.63,28.76,27.82,6771500
653,20190808,28.81,29.08,29.39,28.76,5028200
654,20190809,28.85,28.78,29.07,28.56,4031300
655,20190812,28.5,27.64,28.51,27.52,8015000
656,20190813,27.62,27.51,28.37,27.33,12950000
657,20190814,27.05,26.1,27.07,26.09,10104400
658,20190815,26.2,25.41,26.31,25.14,10057900
659,20190816,25.62,25.79,26.05,25.39,8826800
660,20190819,26.2,26.1,26.69,26.08,9034800
661,20190820,26.08,25.83,26.08,25.56,7658800
662,20190821,26.06,26.42,26.6,26.01,6227500
663,20190822,26.46,26.53,26.98,26.34,5957900
664,20190823,26.27,25.42,26.51,25.35,8900100
665,20190826,25.9,25.19,25.91,25.03,6722600
666,20190827,25.27,24.45,25.34,24.32,7503700
667,20190828,24.41,25.33,25.51,24.23,9079100
668,20190829,25.79,26.32,26.61,25.7,7205600
669,20190830,26.4,26.31,26.83,26.16,5076200
670,20190903,26.16,26.51,26.66,25.95,6730000
671,20190904,26.66,27.0,27.22,26.52,5653300
672,20190905,27.45,27.69,28.11,27.44,6254600
673,20190906,28.16,27.79,28.23,27.73,5791900
674,20190909,27.79,28.44,28.75,27.71,8561600
675,20190910,28.28,29.12,29.18,28.21,6377300
676,20190911,29.16,29.76,29.93,28.73,10842600
677,20190912,29.67,29.94,30.22,29.64,5808800
678,20190913,30.2,29.95,30.34,29.87,7131900
679,20190916,28.56,27.77,28.79,27.7,15507800
680,20190917,28.02,28.64,29.25,27.92,12683400
681,20190918,28.55,28.6,28.66,28.07,6129400
682,20190919,28.63,28.3,28.74,28.16,5102700
683,20190920,28.2,27.99,28.44,27.96,6885400
684,20190923,27.71,27.5,27.88,27.36,5324400
685,20190924,27.62,27.0,27.7,26.77,5558300
686,20190925,27.13,27.44,27.83,27.02,6369400
687,20190926,27.57,27.19,27.6,26.91,4831300
688,20190927,27.01,27.01,27.81,26.91,5155100
689,20190930,27.35,26.97,27.41,26.82,5109800
690,20191001,27.08,26.8,27.66,26.59,6547000
691,20191002,26.5,25.37,26.51,25.02,14178200
692,20191003,25.47,25.27,25.51,24.51,8586400
693,20191004,25.33,25.83,25.85,25.07,6446100
694,20191007,25.8,25.83,26.06,25.52,5725400
695,20191008,25.56,26.26,26.8,25.45,9028100
696,20191009,26.78,27.07,27.33,26.69,8095500
697,20191010,26.68,27.18,27.25,26.5,7057600
698,20191011,27.63,27.36,28.02,27.34,7492400
699,20191014,27.37,27.62,27.66,27.14,3167100
700,20191015,27.63,28.27,28.37,27.28,7019200
701,20191016,28.33,28.05,28.81,28.03,6353300
702,20191017,28.31,27.93,28.44,27.85,6709600
703,20191018,27.8,28.22,28.32,27.71,5689100
704,20191021,28.51,28.62,28.91,28.43,6746400
705,20191022,28.5,28.26,28.69,27.82,8022000
706,20191023,28.25,28.29,28.4,27.88,8396900
707,20191024,29.27,29.41,29.85,28.49,17890900
708,20191025,29.4,30.86,30.89,29.3,13835700
709,20191028,31.0,31.36,31.67,31.0,10298500
710,20191029,31.42,30.92,31.49,30.68,6843200
711,20191030,30.77,30.29,30.94,29.93,10356100
712,20191031,30.07,30.06,30.21,29.46,8779400
713,20191101,30.3,30.56,30.61,30.02,8270900
714,20191104,30.71,30.95,30.99,30.47,5888600
715,20191105,31.0,31.18,31.58,30.91,5500000
716,20191106,31.17,30.96,31.19,30.65,4270300
717,20191107,31.21,30.89,31.44,30.75,6342400
718,20191108,30.72,30.76,30.85,29.96,6352900
719,20191111,30.54,30.59,30.75,30.2,4109100
720,20191112,30.58,29.52,30.67,29.4,8662900
721,20191113,29.03,28.66,29.16,28.57,7152300
722,20191114,28.75,28.77,28.9,28.46,4393200
723,20191115,28.95,28.86,29.2,28.8,4552000
724,20191118,28.64,28.6,28.89,28.28,5368800
725,20191119,28.93,29.29,29.38,28.73,5965500
726,20191120,29.14,28.23,29.24,28.05,9936100
727,20191121,28.27,27.93,28.48,27.84,6071800
728,20191122,28.2,28.68,28.72,28.13,4827100
729,20191125,28.8,28.99,29.18,28.62,5171200
730,20191126,28.95,29.05,29.07,28.57,5932800
731,20191127,29.07,28.95,29.33,28.74,3381800
732,20191129,28.92,28.74,29.27,28.66,2970800
733,20191202,28.79,28.08,28.99,28.01,6850800
734,20191203,27.73,27.29,27.77,26.96,7736600
735,20191204,27.42,27.38,27.76,27.22,4805300
736,20191205,27.46,27.24,27.57,27.05,4994500
737,20191206,27.5,27.73,27.96,27.47,6093100
738,20191209,27.62,27.49,27.83,27.46,4474400
739,20191210,27.55,27.0,27.63,26.9,7538700
740,20191211,27.08,26.86,27.1,26.68,5434600
741,20191212,27.09,27.72,28.02,26.95,9645300
742,20191213,27.93,27.48,28.13,27.37,5965200
743,20191216,27.62,27.92,28.35,27.6,6997300
744,20191217,27.97,28.28,28.48,27.86,5920300
745,20191218,28.35,28.0,28.57,27.93,4633800
746,20191219,28.0,28.55,28.57,27.93,6295100
747,20191220,28.67,29.04,29.05,28.49,12277100
748,20191223,29.25,29.3,29.72,29.2,9291100
749,20191224,29.32,29.18,29.43,29.1,2373600
750,20191226,29.32,29.67,29.71,29.26,4746500
751,20191227,29.76,28.44,29.81,28.36,8416500
752,20191230,28.5,28.3,28.53,28.07,4940300
753,20191231,28.2,28.68,28.79,28.19,4396800
754,20200102,28.98,29.09,29.3,28.65,6451100
755,20200103,28.27,27.65,28.29,27.34,14008900
756,20200106,27.19,27.32,27.49,27.08,6105800
757,20200107,27.56,27.22,27.68,27.06,6105900
758,20200108,27.1,27.84,28.09,27.07,10496800
759,20200109,28.09,27.95,28.23,27.71,6898900
760,20200110,27.96,27.32,27.99,27.25,8106800
761,20200113,27.32,27.39,27.53,27.16,5874400
762,20200114,27.91,27.53,28.4,27.35,8888900
763,20200115,27.45,27.58,28.06,27.32,5686000
764,20200116,27.79,28.23,28.26,27.76,6442800
765,20200117,28.3,28.4,28.72,28.06,7379400
766,20200121,27.97,27.2,27.99,27.05,16409400
767,20200122,27.51,27.32,27.91,27.3,9852600
768,20200123,27.39,28.8,28.99,26.04,25611100
769,20200124,28.85,27.64,28.86,27.01,18067800
770,20200127,26.57,26.11,26.6,25.37,21573800
771,20200128,26.36,26.9,27.12,26.26,11939200
772,20200129,26.88,26.8,27.49,26.74,9088700
773,20200130,26.3,27.72,27.79,26.26,10685500
774,20200131,27.5,26.84,27.52,26.59,11027900
775,20200203,26.93,27.16,27.67,26.74,7631900
776,20200204,27.68,28.43,28.61,27.55,10832900
777,20200205,28.96,29.1,29.24,28.55,8959700
778,20200206,29.26,28.3,29.45,28.14,8335800
779,20200207,28.06,28.38,28.55,27.78,6231800
780,20200210,28.19,28.79,28.81,27.98,15134300
781,20200211,29.06,29.84,29.94,28.97,8977700
782,20200212,30.0,30.47,30.78,29.99,9315400
783,20200213,30.03,30.09,30.4,29.73,9119400
784,20200214,30.01,29.2,30.27,29.14,5524800
785,20200218,29.04,28.63,29.35,28.49,10485100
786,20200219,28.84,28.33,28.88,28.31,8400700
787,20200220,28.24,28.51,28.9,28.2,10093400
788,20200221,28.12,27.82,28.3,27.17,11253600
789,20200224,25.98,25.45,26.11,25.0,21713200
790,20200225,25.62,23.12,25.75,23.05,22296900
791,20200226,23.57,22.31,23.75,22.11,19610300
792,20200227,20.85,20.6,22.48,19.77,31833600
793,20200228,19.8,19.05,20.35,18.77,37166400
794,20200302,19.05,18.86,19.06,17.51,38738000
795,20200303,19.66,17.85,19.79,17.8,35402500
796,20200304,18.36,18.53,18.55,17.3,44362100
797,20200305,17.54,16.04,17.65,15.98,44656800
798,20200306,15.02,15.97,17.12,14.8,54505000
799,20200309,14.87,14.75,15.79,14.46,42558000
800,20200310,15.82,17.0,17.67,14.61,56972700
801,20200311,16.31,16.26,16.49,15.52,43705800
802,20200312,14.05,13.45,15.75,13.33,53968500
803,20200313,15.3,14.31,15.6,13.12,58376100
804,20200316,12.41,15.92,16.2,12.0,84916800
805,20200317,15.79,15.58,18.49,14.79,58055800
806,20200318,14.24,11.65,14.28,10.17,78458800
807,20200319,11.6,10.29,12.16,10.01,71584500
808,20200320,10.65,10.38,12.0,10.3,62681800
809,20200323,10.9,10.25,11.36,10.01,56427300
810,20200324,11.96,13.92,14.81,11.54,101553100
811,20200325,16.69,15.39,16.99,14.31,93795100
812,20200326,16.06,15.66,17.24,15.16,77530600
813,20200327,14.98,14.04,15.22,13.91,50783500
814,20200330,13.2,12.25,13.22,11.81,50516800
815,20200331,12.9,12.19,12.96,12.1,44851400
816,20200401,11.45,10.69,11.48,10.5,56854400
817,20200402,10.61,10.06,11.03,10.0,65534600
818,20200403,10.34,9.39,10.49,9.09,87018900
819,20200406,9.72,9.5,9.94,9.11,94272300
820,20200407,11.07,10.22,12.2,10.05,138061000
821,20200408,10.91,11.33,11.4,10.5,82718700
822,20200409,12.64,12.51,13.4,11.82,117592800
823,20200413,12.9,11.56,12.95,11.25,73385500
824,20200414,12.22,11.95,12.6,11.75,68039500
825,20200415,12.52,12.29,12.69,11.39,124719900
826,20200416,11.91,11.07,12.03,11.05,83627000
827,20200417,11.87,11.57,11.95,11.5,61279500
828,20200420,11.15,11.06,11.35,10.72,58984900
829,20200421,10.8,11.0,11.22,10.7,49882300
830,20200422,11.09,10.27,11.13,10.02,76320100
831,20200423,10.36,10.25,10.67,10.24,54598500
832,20200424,10.4,10.31,10.5,9.9,67234900
833,20200427,10.53,10.02,10.53,10.0,67378800
834,20200428,10.29,11.26,11.63,10.21,114643000
835,20200429,12.1,12.63,12.89,12.02,113669400
836,20200430,11.92,12.01,12.59,11.26,94567100
837,20200501,11.41,10.64,11.66,10.58,99441400
838,20200504,9.41,9.82,10.17,9.15,125580000
839,20200505,10.26,9.51,10.38,9.5,86943900
840,20200506,9.58,9.25,9.73,9.09,68991000
841,20200507,9.3,9.54,9.8,9.29,61817000
842,20200508,9.78,10.14,10.15,9.68,59649800
843,20200511,9.92,10.1,10.25,9.59,48499000
844,20200512,10.01,9.65,10.2,9.6,46833100
845,20200513,9.52,9.11,9.53,8.83,68704600
846,20200514,8.77,9.15,9.19,8.25,72320500
847,20200515,8.85,9.04,9.36,8.76,39560500
848,20200518,9.62,9.87,9.94,9.36,76624400
849,20200519,10.14,9.64,10.19,9.59,62242500
850,20200520,9.91,9.87,10.14,9.77,44006700
851,20200521,9.87,9.89,10.15,9.83,45785700
852,20200522,10.02,9.7,10.12,9.63,37596800
853,20200526,10.27,11.14,11.28,10.25,101717000
854,20200527,12.43,11.98,12.55,11.07,99314800
855,20200528,11.78,10.98,11.83,10.9,70488800
856,20200529,10.48,10.5,10.87,10.32,59054700
857,20200601,10.79,11.11,11.33,10.62,50313500
858,20200602,11.4,11.22,11.64,10.97,49148600
859,20200603,11.56,11.85,12.2,11.44,86685300
860,20200604,12.85,16.72,18.18,12.63,399432600
861,20200605,21.25,18.59,22.8,17.8,428617100
862,20200608,19.86,20.31,20.36,19.13,175418900
863,20200609,18.45,18.55,18.97,17.61,111234400
864,20200610,17.69,17.02,18.16,15.92,163952500
865,20200611,14.61,14.38,15.68,14.07,124220800
866,20200612,16.82,16.74,17.31,15.67,160744900
867,20200615,15.27,16.7,17.17,15.08,122904100
868,20200616,18.36,17.03,18.44,16.55,127369700
869,20200617,16.76,16.98,17.05,16.16,71397600
870,20200618,16.37,16.49,17.07,16.28,64265300
871,20200619,16.89,16.0,16.94,15.42,92320200
872,20200622,14.9,14.92,15.52,14.72,118994500
873,20200623,13.76,14.0,14.29,13.71,204022300
874,20200624,13.59,13.04,13.9,12.83,140975500
875,20200625,12.53,13.17,13.24,12.18,117383400
876,20200626,13.2,12.38,13.29,12.13,108813000
877,20200629,12.57,13.32,13.51,12.02,115051100
878,20200630,13.1,13.07,13.48,12.88,69607700
879,20200701,13.48,12.81,14.29,12.63,116661700
880,20200702,13.35,12.5,13.42,12.42,86439500
881,20200706,12.8,12.8,12.92,12.21,79312900
882,20200707,12.51,11.91,12.54,11.91,77998100
883,20200708,11.6,11.99,12.08,11.43,85034500
884,20200709,11.94,11.18,11.94,11.15,77131200
885,20200710,11.0,11.94,11.95,10.98,90450800
886,20200713,12.13,11.63,12.27,11.45,67580300
887,20200714,11.32,11.57,11.84,11.22,49888200
888,20200715,12.45,13.44,13.48,12.21,135444400
889,20200716,12.8,12.45,13.07,12.29,81513985
890,20200717,12.48,11.91,12.6,11.89,67934123
891,20200720,11.93,11.47,12.51,11.35,64107531
892,20200721,11.57,11.47,11.79,11.28,64718988
893,20200722,11.38,11.36,11.67,11.3,42461298
894,20200723,11.27,11.77,12.41,11.01,115573486
895,20200724,11.67,11.39,11.82,11.34,53761316
896,20200727,11.48,11.39,11.79,11.18,69449791
897,20200728,11.37,11.77,12.0,11.36,62345355
898,20200729,11.8,11.4,11.92,11.3,52214156
899,20200730,11.22,11.18,11.39,11.12,40525120
900,20200731,11.16,11.12,11.25,10.8,51830922
901,20200803,11.07,11.08,11.24,10.71,48263693
902,20200804,11.21,11.47,11.88,11.16,54824447
903,20200805,11.84,12.56,12.85,11.55,118702711
904,20200806,13.04,13.04,13.29,12.47,131279218
905,20200807,12.86,13.03,13.16,12.58,61699718
906,20200810,13.29,14.0,14.31,13.21,121073864
907,20200811,15.02,13.73,15.1,13.55,127878462
908,20200812,14.03,13.54,14.06,13.1,77637704
909,20200813,13.19,13.3,13.9,13.11,47772265
910,20200814,13.11,13.33,13.56,13.01,45665661
911,20200817,13.32,12.62,13.38,12.61,56183889
912,20200818,12.6,12.6,12.88,12.51,33321153
913,20200819,12.65,12.68,13.44,12.58,59266528
914,20200820,12.38,12.5,12.67,12.26,41956633
915,20200821,12.44,12.16,12.63,12.09,35822754
916,20200824,12.44,13.44,13.48,12.27,102685430
917,20200825,13.69,13.14,14.02,12.77,79053155
918,20200826,13.11,12.79,13.15,12.7,44056800
919,20200827,13.43,13.28,14.26,13.12,108835702
920,20200828,13.59,13.59,13.63,13.23,54515393
921,20200831,13.6,13.05,13.74,13.05,45917160
922,20200901,12.86,13.1,13.84,12.66,72987504
923,20200902,12.94,13.23,13.34,12.67,58889577
924,20200903,13.4,13.36,14.07,13.03,86383268
925,20200904,13.65,13.61,13.82,12.96,64931877
926,20200908,13.36,13.63,14.16,13.15,72746017
927,20200909,13.48,13.05,13.58,12.8,79029954
928,20200910,13.21,13.01,13.49,12.97,52313604
929,20200911,13.08,12.95,13.08,12.68,43910721
930,20200914,13.02,13.26,13.29,12.9,39859100
931,20200915,13.27,13.14,13.66,13.08,38957929
932,20200916,13.21,13.8,13.96,12.98,75458868
933,20200917,13.5,13.63,14.08,13.36,50194418
934,20200918,13.51,13.19,13.59,13.03,56403555
935,20200921,12.82,12.21,12.98,12.08,60604453
936,20200922,12.3,12.34,12.5,12.18,33013426
937,20200923,12.53,11.93,12.74,11.91,45292584
938,20200924,11.74,11.77,12.0,11.22,49163168
939,20200925,11.76,12.29,12.31,11.71,43763989
940,20200928,12.74,12.76,13.15,12.49,63558206
941,20200929,12.59,12.25,12.66,12.11,47209575
942,20200930,12.32,12.29,12.92,12.22,65428134
943,20201001,12.45,12.58,12.77,12.35,48841980
944,20201002,12.05,13.0,13.35,12.0,111883279
945,20201005,13.09,13.12,13.2,12.75,53465541
946,20201006,13.28,12.53,13.44,12.46,85252374
947,20201007,12.98,13.07,13.18,12.81,61274196
948,20201008,13.33,13.16,13.68,12.73,88851674
949,20201009,13.25,13.2,13.49,12.95,65280957
950,20201012,13.14,12.92,13.17,12.9,39852463
951,20201013,12.59,12.22,12.64,12.2,63175245
952,20201014,12.35,12.36,12.57,12.29,37518184
953,20201015,12.22,12.23,12.3,11.97,33776119
954,20201016,12.31,12.46,12.56,12.2,32717329
955,20201019,12.64,12.56,12.87,12.45,50428887
956,20201020,12.75,12.8,13.0,12.59,46617381
957,20201021,12.69,12.75,12.87,12.55,37372789
958,20201022,12.6,13.15,13.29,12.42,87006987
959,20201023,13.07,12.6,13.08,12.42,89050722
960,20201026,12.39,11.8,12.45,11.67,83007894
961,20201027,11.77,11.23,11.79,11.2,63126738
962,20201028,10.89,10.95,11.16,10.63,59394309
963,20201029,10.96,11.16,11.29,10.89,42405960
964,20201030,11.06,11.28,11.42,10.98,50456018
965,20201102,11.32,11.19,11.34,10.87,39946024
966,20201103,11.34,11.25,11.45,11.15,40943594
967,20201104,11.21,11.01,11.31,10.93,43329291
968,20201105,11.12,11.6,11.67,11.09,53669362
969,20201106,11.44,11.46,11.51,11.28,35161508
970,20201109,14.33,13.2,14.41,12.75,198753014
971,20201110,12.85,12.38,13.02,12.34,107493458
972,20201111,12.4,12.04,12.46,11.93,76410337
973,20201112,11.97,11.74,12.23,11.65,71626025
974,20201113,11.91,12.24,12.25,11.85,52647868
975,20201116,12.87,12.79,12.96,12.41,90850232
976,20201117,12.48,12.7,12.81,12.23,58811763
977,20201118,12.91,12.74,13.36,12.73,93614145
978,20201119,12.73,12.79,13.04,12.63,55124164
979,20201120,12.8,12.53,12.91,12.46,54628381
980,20201123,12.75,13.56,13.58,12.69,93032756
981,20201125,14.77,14.94,15.08,14.37,94743993
982,20201127,15.12,14.98,15.56,14.95,62463577
983,20201130,14.92,14.13,14.96,13.93,92186609
984,20201201,14.42,14.27,14.78,14.24,72526650
985,20201202,14.16,14.86,14.86,13.85,71306685
986,20201203,15.19,16.09,16.5,15.16,164640338
987,20201204,16.4,16.4,16.93,16.12,107795587
988,20201207,16.54,17.21,18.07,16.47,152630525
989,20201208,17.47,17.63,17.92,17.16,91252193
990,20201209,18.37,17.16,18.63,16.63,132409541
991,20201211,17.82,17.05,17.91,16.81,97861089
992,20201214,17.52,16.7,17.81,16.68,83257152
993,20201215,16.99,17.01,17.06,16.16,85459589
994,20201216,16.88,16.86,17.04,16.58,55146876
995,20201217,16.95,16.8,16.99,16.65,46480268
996,20201218,16.74,16.51,16.74,16.29,65932330
997,20201221,15.77,16.1,16.24,15.56,77978291
998,20201222,16.34,15.48,16.38,15.45,70687644
999,20201223,15.51,15.89,16.17,15.5,59351956
1000,20201224,16.04,15.66,16.04,15.53,29393443
1001,20201228,15.97,16.06,16.46,15.91,56629125
1002,20201229,16.32,15.86,16.41,15.75,49187272
1003,20201230,15.85,16.15,16.2,15.72,47919183
1004,20201231,16.08,15.77,16.09,15.63,56555621
